Ville de depart,Ville d'arrivee,Distance (km),Heure depart prevue,Heure arrivee prevue,Heure arrivee reelle,Poids (kg),Retard observe (minutes)
Casablanca,Rabat,95,2025-09-15 21:00:00,2025-09-15 22:11:15,2025-09-15 22:15:15,38939,4
Agadir,Marrakech,235,2025-11-20 16:00:00,2025-11-20 18:56:15,2025-11-20 20:20:15,8061,84
Rabat,Agadir,570,2025-02-06 17:00:00,2025-02-07 00:07:30,2025-02-07 01:24:30,23900,77
Marrakech,Agadir,235,2025-02-27 16:00:00,2025-02-27 18:56:15,2025-02-27 19:45:15,38215,49
Marrakech,Agadir,235,2025-08-18 19:00:00,2025-08-18 21:56:15,2025-08-18 23:43:15,6889,107
Tanger,Casablanca,340,2025-02-06 09:00:00,2025-02-06 13:15:00,2025-02-06 14:53:00,17590,98
Rabat,Agadir,570,2025-12-10 06:00:00,2025-12-10 13:07:30,2025-12-10 13:23:30,35110,16
Tanger,Rabat,250,2025-06-12 10:00:00,2025-06-12 13:07:30,2025-06-12 14:33:30,23325,86
Agadir,Tanger,865,2025-04-03 18:00:00,2025-04-04 04:48:45,2025-04-04 04:48:45,24511,0
Tanger,Rabat,250,2025-03-02 09:00:00,2025-03-02 12:07:30,2025-03-02 12:18:30,19324,11
Casablanca,Tanger,340,2025-10-24 15:00:00,2025-10-24 19:15:00,2025-10-24 21:07:00,11475,112
Rabat,Agadir,570,2025-10-08 12:00:00,2025-10-08 19:07:30,2025-10-08 19:13:30,28405,6
Marrakech,Rabat,320,2025-04-17 10:00:00,2025-04-17 14:00:00,2025-04-17 14:19:00,19869,19
Agadir,Casablanca,470,2025-03-02 16:00:00,2025-03-02 21:52:30,2025-03-02 23:41:30,20904,109
Casablanca,Marrakech,240,2025-07-14 17:00:00,2025-07-14 20:00:00,2025-07-14 20:08:00,17052,8
Marrakech,Casablanca,240,2025-05-16 07:00:00,2025-05-16 10:00:00,2025-05-16 10:24:00,15057,24
Casablanca,Agadir,470,2025-05-17 22:00:00,2025-05-18 03:52:30,2025-05-18 04:10:30,22035,18
Rabat,Agadir,570,2025-07-11 21:00:00,2025-07-12 04:07:30,2025-07-12 04:20:30,30710,13
Casablanca,Agadir,470,2025-03-15 08:00:00,2025-03-15 13:52:30,2025-03-15 14:00:30,29012,8
Casablanca,Agadir,470,2025-01-14 10:00:00,2025-01-14 15:52:30,2025-01-14 16:51:30,17987,59
Marrakech,Tanger,555,2025-10-09 06:00:00,2025-10-09 12:56:15,2025-10-09 14:07:15,15109,71
Tanger,Agadir,865,2025-08-16 07:00:00,2025-08-16 17:48:45,2025-08-16 19:24:45,16752,96
Rabat,Agadir,570,2025-04-19 07:00:00,2025-04-19 14:07:30,2025-04-19 15:29:30,7393,82
Agadir,Rabat,570,2025-09-15 06:00:00,2025-09-15 13:07:30,2025-09-15 13:18:30,19605,11
Rabat,Marrakech,320,2025-06-18 07:00:00,2025-06-18 11:00:00,2025-06-18 11:30:00,23241,30
Agadir,Tanger,865,2025-09-24 08:00:00,2025-09-24 18:48:45,2025-09-24 18:51:45,37334,3
Rabat,Agadir,570,2025-08-05 07:00:00,2025-08-05 14:07:30,2025-08-05 15:34:30,3126,87
Casablanca,Tanger,340,2025-07-26 18:00:00,2025-07-26 22:15:00,2025-07-26 23:17:00,34141,62
Rabat,Casablanca,95,2025-01-09 22:00:00,2025-01-09 23:11:15,2025-01-09 23:13:15,6967,2
Rabat,Agadir,570,2025-03-12 11:00:00,2025-03-12 18:07:30,2025-03-12 18:38:30,37484,31
Rabat,Casablanca,95,2025-05-15 17:00:00,2025-05-15 18:11:15,2025-05-15 19:22:15,29922,71
Agadir,Marrakech,235,2025-01-25 13:00:00,2025-01-25 15:56:15,2025-01-25 17:31:15,5633,95
Casablanca,Marrakech,240,2025-04-23 09:00:00,2025-04-23 12:00:00,2025-04-23 13:41:00,21323,101
Marrakech,Tanger,555,2025-06-12 21:00:00,2025-06-13 03:56:15,2025-06-13 05:24:15,34938,88
Marrakech,Rabat,320,2025-12-20 11:00:00,2025-12-20 15:00:00,2025-12-20 16:13:00,31879,73
Rabat,Casablanca,95,2025-03-07 12:00:00,2025-03-07 13:11:15,2025-03-07 14:38:15,21270,87
Marrakech,Tanger,555,2025-05-15 14:00:00,2025-05-15 20:56:15,2025-05-15 21:23:15,19807,27
Agadir,Marrakech,235,2025-10-18 18:00:00,2025-10-18 20:56:15,2025-10-18 21:31:15,19555,35
Agadir,Rabat,570,2025-08-31 21:00:00,2025-09-01 04:07:30,2025-09-01 04:52:30,39558,45
Tanger,Rabat,250,2025-04-02 22:00:00,2025-04-03 01:07:30,2025-04-03 02:49:30,28907,102
Rabat,Tanger,250,2025-06-24 21:00:00,2025-06-25 00:07:30,2025-06-25 01:23:30,11027,76
Marrakech,Casablanca,240,2025-08-18 10:00:00,2025-08-18 13:00:00,2025-08-18 13:04:00,30318,4
Agadir,Rabat,570,2025-10-02 09:00:00,2025-10-02 16:07:30,2025-10-02 17:28:30,16201,81
Tanger,Marrakech,555,2025-06-22 16:00:00,2025-06-22 22:56:15,2025-06-23 00:13:15,15564,77
Marrakech,Tanger,555,2025-03-10 15:00:00,2025-03-10 21:56:15,2025-03-10 23:52:15,16864,116
Rabat,Agadir,570,2025-02-19 07:00:00,2025-02-19 14:07:30,2025-02-19 14:36:30,3715,29
Casablanca,Rabat,95,2025-01-23 20:00:00,2025-01-23 21:11:15,2025-01-23 21:21:15,28096,10
Casablanca,Agadir,470,2025-12-04 14:00:00,2025-12-04 19:52:30,2025-12-04 20:36:30,17419,44
Marrakech,Rabat,320,2025-04-09 19:00:00,2025-04-09 23:00:00,2025-04-10 00:54:00,10688,114
Rabat,Tanger,250,2025-05-13 17:00:00,2025-05-13 20:07:30,2025-05-13 20:28:30,4006,21
Marrakech,Agadir,235,2025-08-26 12:00:00,2025-08-26 14:56:15,2025-08-26 16:14:15,27594,78
Tanger,Agadir,865,2025-06-08 19:00:00,2025-06-09 05:48:45,2025-06-09 05:56:45,34221,8
Marrakech,Casablanca,240,2025-05-12 16:00:00,2025-05-12 19:00:00,2025-05-12 19:36:00,19273,36
Casablanca,Agadir,470,2025-03-23 18:00:00,2025-03-23 23:52:30,2025-03-24 00:45:30,15250,53
Tanger,Marrakech,555,2025-05-06 09:00:00,2025-05-06 15:56:15,2025-05-06 16:58:15,30962,62
Rabat,Marrakech,320,2025-01-18 12:00:00,2025-01-18 16:00:00,2025-01-18 16:23:00,19315,23
Tanger,Casablanca,340,2025-01-09 08:00:00,2025-01-09 12:15:00,2025-01-09 13:29:00,2955,74
Rabat,Agadir,570,2025-02-11 14:00:00,2025-02-11 21:07:30,2025-02-11 23:04:30,23522,117
Tanger,Marrakech,555,2025-08-23 15:00:00,2025-08-23 21:56:15,2025-08-23 22:45:15,7262,49
Marrakech,Casablanca,240,2025-12-04 09:00:00,2025-12-04 12:00:00,2025-12-04 12:24:00,35025,24
Marrakech,Rabat,320,2025-03-12 12:00:00,2025-03-12 16:00:00,2025-03-12 17:53:00,39832,113
Rabat,Marrakech,320,2025-07-22 08:00:00,2025-07-22 12:00:00,2025-07-22 12:36:00,19255,36
Rabat,Agadir,570,2025-08-28 14:00:00,2025-08-28 21:07:30,2025-08-28 22:59:30,21324,112
Rabat,Agadir,570,2025-02-15 19:00:00,2025-02-16 02:07:30,2025-02-16 03:37:30,16413,90
Tanger,Agadir,865,2025-08-08 15:00:00,2025-08-09 01:48:45,2025-08-09 03:12:45,39865,84
Rabat,Marrakech,320,2025-04-27 15:00:00,2025-04-27 19:00:00,2025-04-27 20:13:00,26558,73
Agadir,Marrakech,235,2025-10-05 17:00:00,2025-10-05 19:56:15,2025-10-05 20:28:15,24642,32
Rabat,Casablanca,95,2025-01-19 12:00:00,2025-01-19 13:11:15,2025-01-19 14:24:15,37555,73
Marrakech,Agadir,235,2025-07-15 11:00:00,2025-07-15 13:56:15,2025-07-15 14:30:15,13869,34
Tanger,Rabat,250,2025-12-04 19:00:00,2025-12-04 22:07:30,2025-12-04 22:12:30,30320,5
Marrakech,Casablanca,240,2025-12-30 06:00:00,2025-12-30 09:00:00,2025-12-30 10:41:00,33795,101
Casablanca,Tanger,340,2025-06-08 13:00:00,2025-06-08 17:15:00,2025-06-08 17:31:00,12252,16
Casablanca,Agadir,470,2025-09-16 15:00:00,2025-09-16 20:52:30,2025-09-16 22:21:30,38800,89
Rabat,Marrakech,320,2025-08-07 11:00:00,2025-08-07 15:00:00,2025-08-07 17:00:00,20660,120
Tanger,Rabat,250,2025-09-29 21:00:00,2025-09-30 00:07:30,2025-09-30 00:11:30,16747,4
Marrakech,Rabat,320,2025-02-04 22:00:00,2025-02-05 02:00:00,2025-02-05 02:18:00,8679,18
Marrakech,Rabat,320,2025-04-19 09:00:00,2025-04-19 13:00:00,2025-04-19 14:32:00,23245,92
Marrakech,Rabat,320,2025-01-09 11:00:00,2025-01-09 15:00:00,2025-01-09 16:49:00,15882,109
Rabat,Agadir,570,2025-06-05 19:00:00,2025-06-06 02:07:30,2025-06-06 03:53:30,31067,106
Rabat,Tanger,250,2025-01-23 15:00:00,2025-01-23 18:07:30,2025-01-23 18:39:30,5091,32
Agadir,Tanger,865,2025-09-06 12:00:00,2025-09-06 22:48:45,2025-09-06 22:53:45,13328,5
Agadir,Tanger,865,2025-09-24 20:00:00,2025-09-25 06:48:45,2025-09-25 08:41:45,32414,113
Agadir,Marrakech,235,2025-12-28 12:00:00,2025-12-28 14:56:15,2025-12-28 16:28:15,14876,92
Tanger,Agadir,865,2025-11-21 13:00:00,2025-11-21 23:48:45,2025-11-22 01:16:45,35102,88
Casablanca,Marrakech,240,2025-02-18 20:00:00,2025-02-18 23:00:00,2025-02-19 00:04:00,5473,64
Agadir,Rabat,570,2025-05-14 10:00:00,2025-05-14 17:07:30,2025-05-14 19:06:30,35322,119
Tanger,Agadir,865,2025-10-09 20:00:00,2025-10-10 06:48:45,2025-10-10 07:53:45,9480,65
Rabat,Casablanca,95,2025-08-21 18:00:00,2025-08-21 19:11:15,2025-08-21 19:44:15,12672,33
Tanger,Casablanca,340,2025-10-23 08:00:00,2025-10-23 12:15:00,2025-10-23 13:13:00,18557,58
Rabat,Tanger,250,2025-10-29 19:00:00,2025-10-29 22:07:30,2025-10-29 23:50:30,28159,103
Casablanca,Tanger,340,2025-04-23 18:00:00,2025-04-23 22:15:00,2025-04-24 00:00:00,23779,105
Tanger,Casablanca,340,2025-08-07 17:00:00,2025-08-07 21:15:00,2025-08-07 22:55:00,8740,100
Marrakech,Tanger,555,2025-04-28 07:00:00,2025-04-28 13:56:15,2025-04-28 15:18:15,25087,82
Marrakech,Tanger,555,2025-03-28 12:00:00,2025-03-28 18:56:15,2025-03-28 19:55:15,16003,59
Marrakech,Agadir,235,2025-04-16 22:00:00,2025-04-17 00:56:15,2025-04-17 02:47:15,2035,111
Tanger,Rabat,250,2025-01-25 15:00:00,2025-01-25 18:07:30,2025-01-25 19:16:30,23450,69
Marrakech,Tanger,555,2025-03-11 10:00:00,2025-03-11 16:56:15,2025-03-11 17:37:15,32800,41
Agadir,Tanger,865,2025-09-29 18:00:00,2025-09-30 04:48:45,2025-09-30 05:45:45,30419,57
Marrakech,Agadir,235,2025-07-09 22:00:00,2025-07-10 00:56:15,2025-07-10 01:17:15,13372,21
Agadir,Casablanca,470,2025-10-23 08:00:00,2025-10-23 13:52:30,2025-10-23 13:58:30,12396,6
Tanger,Marrakech,555,2025-03-24 07:00:00,2025-03-24 13:56:15,2025-03-24 15:22:15,3392,86
Casablanca,Tanger,340,2025-05-15 15:00:00,2025-05-15 19:15:00,2025-05-15 20:32:00,32470,77
Tanger,Casablanca,340,2025-01-28 10:00:00,2025-01-28 14:15:00,2025-01-28 15:16:00,16677,61
Rabat,Tanger,250,2025-10-18 12:00:00,2025-10-18 15:07:30,2025-10-18 15:23:30,7548,16
Agadir,Rabat,570,2025-10-17 22:00:00,2025-10-18 05:07:30,2025-10-18 05:50:30,20636,43
Tanger,Agadir,865,2025-12-31 18:00:00,2026-01-01 04:48:45,2026-01-01 04:50:45,24937,2
Casablanca,Agadir,470,2025-07-05 08:00:00,2025-07-05 13:52:30,2025-07-05 14:02:30,5289,10
Agadir,Marrakech,235,2025-11-17 19:00:00,2025-11-17 21:56:15,2025-11-17 23:09:15,23498,73
Marrakech,Rabat,320,2025-03-04 10:00:00,2025-03-04 14:00:00,2025-03-04 15:51:00,12201,111
Agadir,Rabat,570,2025-08-15 11:00:00,2025-08-15 18:07:30,2025-08-15 18:21:30,32484,14
Tanger,Agadir,865,2025-04-15 14:00:00,2025-04-16 00:48:45,2025-04-16 02:12:45,10125,84
Agadir,Marrakech,235,2025-11-25 13:00:00,2025-11-25 15:56:15,2025-11-25 17:27:15,31443,91
Agadir,Marrakech,235,2025-06-19 15:00:00,2025-06-19 17:56:15,2025-06-19 19:51:15,32139,115
Rabat,Marrakech,320,2025-04-11 07:00:00,2025-04-11 11:00:00,2025-04-11 12:31:00,19310,91
Agadir,Casablanca,470,2025-01-12 21:00:00,2025-01-13 02:52:30,2025-01-13 04:35:30,30118,103
Agadir,Rabat,570,2025-08-17 07:00:00,2025-08-17 14:07:30,2025-08-17 14:55:30,12174,48
Casablanca,Rabat,95,2025-12-17 17:00:00,2025-12-17 18:11:15,2025-12-17 18:38:15,7401,27
Tanger,Rabat,250,2025-08-29 08:00:00,2025-08-29 11:07:30,2025-08-29 11:59:30,11863,52
Agadir,Rabat,570,2025-10-15 10:00:00,2025-10-15 17:07:30,2025-10-15 17:23:30,7283,16
Rabat,Marrakech,320,2025-02-11 12:00:00,2025-02-11 16:00:00,2025-02-11 16:04:00,13660,4
Rabat,Tanger,250,2025-11-30 13:00:00,2025-11-30 16:07:30,2025-11-30 17:00:30,31410,53
Casablanca,Tanger,340,2025-06-12 12:00:00,2025-06-12 16:15:00,2025-06-12 16:25:00,9530,10
Marrakech,Tanger,555,2025-10-08 12:00:00,2025-10-08 18:56:15,2025-10-08 19:47:15,17959,51
Rabat,Agadir,570,2025-12-19 08:00:00,2025-12-19 15:07:30,2025-12-19 16:07:30,28695,60
Agadir,Tanger,865,2025-05-19 18:00:00,2025-05-20 04:48:45,2025-05-20 06:22:45,21346,94
Agadir,Marrakech,235,2025-08-07 16:00:00,2025-08-07 18:56:15,2025-08-07 19:48:15,27274,52
Casablanca,Rabat,95,2025-06-10 11:00:00,2025-06-10 12:11:15,2025-06-10 13:50:15,27189,99
Marrakech,Tanger,555,2025-07-17 19:00:00,2025-07-18 01:56:15,2025-07-18 03:51:15,6579,115
Casablanca,Tanger,340,2025-08-30 22:00:00,2025-08-31 02:15:00,2025-08-31 02:21:00,5094,6
Marrakech,Tanger,555,2025-07-31 13:00:00,2025-07-31 19:56:15,2025-07-31 20:48:15,2745,52
Rabat,Tanger,250,2025-12-06 08:00:00,2025-12-06 11:07:30,2025-12-06 12:06:30,22587,59
Rabat,Casablanca,95,2025-04-14 11:00:00,2025-04-14 12:11:15,2025-04-14 14:00:15,12431,109
Casablanca,Agadir,470,2025-07-10 11:00:00,2025-07-10 16:52:30,2025-07-10 17:17:30,22521,25
Casablanca,Agadir,470,2025-12-19 11:00:00,2025-12-19 16:52:30,2025-12-19 18:44:30,7884,112
Agadir,Casablanca,470,2025-12-05 10:00:00,2025-12-05 15:52:30,2025-12-05 16:42:30,22499,50
Agadir,Marrakech,235,2025-02-18 12:00:00,2025-02-18 14:56:15,2025-02-18 16:44:15,33362,108
Marrakech,Rabat,320,2025-04-11 11:00:00,2025-04-11 15:00:00,2025-04-11 16:56:00,10265,116
Rabat,Tanger,250,2025-01-03 13:00:00,2025-01-03 16:07:30,2025-01-03 17:37:30,27100,90
Marrakech,Casablanca,240,2025-04-04 09:00:00,2025-04-04 12:00:00,2025-04-04 12:05:00,26512,5
Rabat,Marrakech,320,2025-06-16 19:00:00,2025-06-16 23:00:00,2025-06-16 23:28:00,38889,28
Tanger,Casablanca,340,2025-08-10 13:00:00,2025-08-10 17:15:00,2025-08-10 17:45:00,22330,30
Tanger,Agadir,865,2025-09-25 09:00:00,2025-09-25 19:48:45,2025-09-25 20:34:45,16772,46
Tanger,Rabat,250,2025-05-31 17:00:00,2025-05-31 20:07:30,2025-05-31 20:29:30,4089,22
Rabat,Casablanca,95,2025-01-08 14:00:00,2025-01-08 15:11:15,2025-01-08 16:49:15,27809,98
Agadir,Tanger,865,2025-02-22 15:00:00,2025-02-23 01:48:45,2025-02-23 03:04:45,37297,76
Agadir,Rabat,570,2025-11-06 11:00:00,2025-11-06 18:07:30,2025-11-06 19:34:30,33941,87
Tanger,Rabat,250,2025-07-24 08:00:00,2025-07-24 11:07:30,2025-07-24 11:15:30,31607,8
Marrakech,Casablanca,240,2025-04-23 09:00:00,2025-04-23 12:00:00,2025-04-23 12:26:00,9395,26
Marrakech,Casablanca,240,2025-10-03 15:00:00,2025-10-03 18:00:00,2025-10-03 18:05:00,33612,5
Rabat,Marrakech,320,2025-04-18 17:00:00,2025-04-18 21:00:00,2025-04-18 21:18:00,30266,18
Casablanca,Marrakech,240,2025-06-22 18:00:00,2025-06-22 21:00:00,2025-06-22 22:53:00,10787,113
Rabat,Tanger,250,2025-09-11 13:00:00,2025-09-11 16:07:30,2025-09-11 18:00:30,24257,113
Agadir,Tanger,865,2025-06-10 15:00:00,2025-06-11 01:48:45,2025-06-11 03:10:45,22644,82
Rabat,Agadir,570,2025-07-25 18:00:00,2025-07-26 01:07:30,2025-07-26 02:33:30,3829,86
Casablanca,Agadir,470,2025-11-23 12:00:00,2025-11-23 17:52:30,2025-11-23 18:04:30,35046,12
Casablanca,Tanger,340,2025-06-08 11:00:00,2025-06-08 15:15:00,2025-06-08 15:56:00,27077,41
Rabat,Agadir,570,2025-08-21 19:00:00,2025-08-22 02:07:30,2025-08-22 03:11:30,34382,64
Agadir,Marrakech,235,2025-06-27 06:00:00,2025-06-27 08:56:15,2025-06-27 09:55:15,25595,59
Casablanca,Agadir,470,2025-01-13 08:00:00,2025-01-13 13:52:30,2025-01-13 13:53:30,21657,1
Agadir,Tanger,865,2025-07-27 17:00:00,2025-07-28 03:48:45,2025-07-28 05:07:45,17923,79
Tanger,Agadir,865,2025-11-08 07:00:00,2025-11-08 17:48:45,2025-11-08 19:05:45,35462,77
Agadir,Tanger,865,2025-07-20 22:00:00,2025-07-21 08:48:45,2025-07-21 09:55:45,9607,67
Rabat,Tanger,250,2025-02-05 10:00:00,2025-02-05 13:07:30,2025-02-05 13:10:30,32204,3
Marrakech,Tanger,555,2025-05-25 13:00:00,2025-05-25 19:56:15,2025-05-25 21:24:15,24175,88
Tanger,Marrakech,555,2025-12-29 07:00:00,2025-12-29 13:56:15,2025-12-29 14:59:15,31398,63
Casablanca,Marrakech,240,2025-07-26 10:00:00,2025-07-26 13:00:00,2025-07-26 14:33:00,2346,93
Casablanca,Marrakech,240,2025-08-14 17:00:00,2025-08-14 20:00:00,2025-08-14 20:48:00,5667,48
Rabat,Tanger,250,2025-12-11 09:00:00,2025-12-11 12:07:30,2025-12-11 12:51:30,26077,44
Agadir,Tanger,865,2025-03-19 21:00:00,2025-03-20 07:48:45,2025-03-20 09:32:45,6168,104
Marrakech,Casablanca,240,2025-10-09 16:00:00,2025-10-09 19:00:00,2025-10-09 19:17:00,19204,17
Rabat,Tanger,250,2025-06-01 15:00:00,2025-06-01 18:07:30,2025-06-01 19:33:30,23392,86
Tanger,Casablanca,340,2025-05-15 10:00:00,2025-05-15 14:15:00,2025-05-15 14:15:00,39912,0
Casablanca,Tanger,340,2025-03-01 08:00:00,2025-03-01 12:15:00,2025-03-01 12:53:00,3051,38
Rabat,Tanger,250,2025-04-28 13:00:00,2025-04-28 16:07:30,2025-04-28 16:09:30,19476,2
Rabat,Tanger,250,2025-02-04 20:00:00,2025-02-04 23:07:30,2025-02-05 00:24:30,6952,77
Casablanca,Agadir,470,2025-01-28 06:00:00,2025-01-28 11:52:30,2025-01-28 12:30:30,5823,38
Agadir,Tanger,865,2025-10-25 07:00:00,2025-10-25 17:48:45,2025-10-25 18:18:45,36059,30
Rabat,Marrakech,320,2025-02-17 18:00:00,2025-02-17 22:00:00,2025-02-17 22:59:00,37228,59
Rabat,Marrakech,320,2025-09-27 17:00:00,2025-09-27 21:00:00,2025-09-27 22:01:00,15494,61
Rabat,Casablanca,95,2025-12-01 18:00:00,2025-12-01 19:11:15,2025-12-01 20:16:15,28027,65
Casablanca,Rabat,95,2025-07-31 16:00:00,2025-07-31 17:11:15,2025-07-31 17:12:15,5070,1
Marrakech,Agadir,235,2025-08-09 11:00:00,2025-08-09 13:56:15,2025-08-09 13:57:15,17802,1
Rabat,Agadir,570,2025-07-21 15:00:00,2025-07-21 22:07:30,2025-07-21 22:48:30,8149,41
Casablanca,Marrakech,240,2025-01-19 14:00:00,2025-01-19 17:00:00,2025-01-19 18:14:00,12195,74
Rabat,Agadir,570,2025-05-24 18:00:00,2025-05-25 01:07:30,2025-05-25 02:07:30,14317,60
Tanger,Casablanca,340,2025-01-10 08:00:00,2025-01-10 12:15:00,2025-01-10 14:04:00,22713,109
Agadir,Tanger,865,2025-01-24 10:00:00,2025-01-24 20:48:45,2025-01-24 21:32:45,30887,44
Agadir,Casablanca,470,2025-01-18 12:00:00,2025-01-18 17:52:30,2025-01-18 18:59:30,38370,67
Tanger,Casablanca,340,2025-03-24 19:00:00,2025-03-24 23:15:00,2025-03-25 00:44:00,14451,89
Casablanca,Agadir,470,2025-10-21 10:00:00,2025-10-21 15:52:30,2025-10-21 16:38:30,25926,46
Agadir,Tanger,865,2025-03-31 20:00:00,2025-04-01 06:48:45,2025-04-01 07:24:45,3170,36
Agadir,Rabat,570,2025-08-09 13:00:00,2025-08-09 20:07:30,2025-08-09 20:43:30,7970,36
Rabat,Agadir,570,2025-08-30 08:00:00,2025-08-30 15:07:30,2025-08-30 16:30:30,18413,83
Tanger,Marrakech,555,2025-07-31 20:00:00,2025-08-01 02:56:15,2025-08-01 03:24:15,27959,28
Marrakech,Casablanca,240,2025-04-22 17:00:00,2025-04-22 20:00:00,2025-04-22 21:25:00,31068,85
Marrakech,Rabat,320,2025-04-06 15:00:00,2025-04-06 19:00:00,2025-04-06 20:54:00,27536,114
Marrakech,Agadir,235,2025-10-13 19:00:00,2025-10-13 21:56:15,2025-10-13 23:00:15,5180,64
Casablanca,Marrakech,240,2025-11-11 20:00:00,2025-11-11 23:00:00,2025-11-12 00:41:00,14069,101
Marrakech,Tanger,555,2025-10-24 09:00:00,2025-10-24 15:56:15,2025-10-24 16:26:15,7947,30
Casablanca,Tanger,340,2025-04-05 18:00:00,2025-04-05 22:15:00,2025-04-05 23:17:00,31324,62
Tanger,Agadir,865,2025-02-23 08:00:00,2025-02-23 18:48:45,2025-02-23 20:20:45,6868,92
Tanger,Casablanca,340,2025-05-23 18:00:00,2025-05-23 22:15:00,2025-05-23 23:44:00,30981,89
Agadir,Tanger,865,2025-09-30 15:00:00,2025-10-01 01:48:45,2025-10-01 01:57:45,11597,9
Casablanca,Marrakech,240,2025-05-23 20:00:00,2025-05-23 23:00:00,2025-05-23 23:51:00,37019,51
Marrakech,Rabat,320,2025-01-30 19:00:00,2025-01-30 23:00:00,2025-01-31 00:06:00,9390,66
Casablanca,Agadir,470,2025-07-24 18:00:00,2025-07-24 23:52:30,2025-07-25 01:39:30,14375,107
Marrakech,Tanger,555,2025-06-13 15:00:00,2025-06-13 21:56:15,2025-06-13 22:15:15,11077,19
Agadir,Tanger,865,2025-01-22 09:00:00,2025-01-22 19:48:45,2025-01-22 19:53:45,35938,5
Casablanca,Tanger,340,2025-03-28 09:00:00,2025-03-28 13:15:00,2025-03-28 14:02:00,18497,47
Rabat,Agadir,570,2025-06-13 10:00:00,2025-06-13 17:07:30,2025-06-13 18:22:30,12280,75
Rabat,Casablanca,95,2025-11-13 18:00:00,2025-11-13 19:11:15,2025-11-13 20:06:15,25419,55
Casablanca,Marrakech,240,2025-11-03 17:00:00,2025-11-03 20:00:00,2025-11-03 21:47:00,9279,107
Agadir,Casablanca,470,2025-09-09 17:00:00,2025-09-09 22:52:30,2025-09-09 23:00:30,21858,8
Agadir,Marrakech,235,2025-04-18 11:00:00,2025-04-18 13:56:15,2025-04-18 14:08:15,9286,12
Marrakech,Casablanca,240,2025-03-25 07:00:00,2025-03-25 10:00:00,2025-03-25 11:09:00,38597,69
Tanger,Marrakech,555,2025-02-07 18:00:00,2025-02-08 00:56:15,2025-02-08 01:45:15,2166,49
Agadir,Tanger,865,2025-05-28 08:00:00,2025-05-28 18:48:45,2025-05-28 20:13:45,6937,85
Marrakech,Agadir,235,2025-03-30 20:00:00,2025-03-30 22:56:15,2025-03-31 00:19:15,31421,83
Marrakech,Rabat,320,2025-04-30 16:00:00,2025-04-30 20:00:00,2025-04-30 20:38:00,9344,38
Rabat,Casablanca,95,2025-01-31 18:00:00,2025-01-31 19:11:15,2025-01-31 19:42:15,20646,31
Casablanca,Tanger,340,2025-02-13 12:00:00,2025-02-13 16:15:00,2025-02-13 16:41:00,14460,26
Rabat,Casablanca,95,2025-09-21 10:00:00,2025-09-21 11:11:15,2025-09-21 12:26:15,17043,75
Casablanca,Rabat,95,2025-11-15 10:00:00,2025-11-15 11:11:15,2025-11-15 11:12:15,12923,1
Marrakech,Rabat,320,2025-08-22 11:00:00,2025-08-22 15:00:00,2025-08-22 16:08:00,17071,68
Agadir,Rabat,570,2025-08-02 18:00:00,2025-08-03 01:07:30,2025-08-03 01:33:30,36615,26
Rabat,Marrakech,320,2025-06-18 21:00:00,2025-06-19 01:00:00,2025-06-19 02:30:00,35717,90
Tanger,Marrakech,555,2025-11-07 13:00:00,2025-11-07 19:56:15,2025-11-07 20:11:15,28010,15
Tanger,Rabat,250,2025-02-16 16:00:00,2025-02-16 19:07:30,2025-02-16 19:41:30,38584,34
Marrakech,Agadir,235,2025-12-14 20:00:00,2025-12-14 22:56:15,2025-12-15 00:25:15,30621,89
Casablanca,Tanger,340,2025-12-31 12:00:00,2025-12-31 16:15:00,2025-12-31 16:38:00,23655,23
Casablanca,Marrakech,240,2025-06-08 09:00:00,2025-06-08 12:00:00,2025-06-08 12:11:00,18042,11
Casablanca,Agadir,470,2025-06-13 12:00:00,2025-06-13 17:52:30,2025-06-13 18:52:30,4429,60
Rabat,Marrakech,320,2025-09-14 20:00:00,2025-09-15 00:00:00,2025-09-15 00:15:00,3127,15
Tanger,Agadir,865,2025-09-24 22:00:00,2025-09-25 08:48:45,2025-09-25 10:26:45,30592,98
Rabat,Casablanca,95,2025-02-27 20:00:00,2025-02-27 21:11:15,2025-02-27 22:11:15,32325,60
Marrakech,Casablanca,240,2025-10-16 09:00:00,2025-10-16 12:00:00,2025-10-16 12:17:00,31279,17
Rabat,Marrakech,320,2025-11-19 07:00:00,2025-11-19 11:00:00,2025-11-19 11:29:00,20889,29
Tanger,Rabat,250,2025-04-29 19:00:00,2025-04-29 22:07:30,2025-04-29 23:29:30,37908,82
Rabat,Tanger,250,2025-07-26 18:00:00,2025-07-26 21:07:30,2025-07-26 21:52:30,25972,45
Casablanca,Agadir,470,2025-08-07 12:00:00,2025-08-07 17:52:30,2025-08-07 18:22:30,12230,30
Casablanca,Marrakech,240,2025-04-17 15:00:00,2025-04-17 18:00:00,2025-04-17 18:41:00,9319,41
Casablanca,Rabat,95,2025-10-20 06:00:00,2025-10-20 07:11:15,2025-10-20 07:16:15,14254,5
Rabat,Casablanca,95,2025-06-05 15:00:00,2025-06-05 16:11:15,2025-06-05 17:55:15,15506,104
Casablanca,Rabat,95,2025-03-22 18:00:00,2025-03-22 19:11:15,2025-03-22 20:07:15,29798,56
Tanger,Rabat,250,2025-03-29 14:00:00,2025-03-29 17:07:30,2025-03-29 18:56:30,30164,109
Marrakech,Tanger,555,2025-12-06 14:00:00,2025-12-06 20:56:15,2025-12-06 21:22:15,37791,26
Agadir,Rabat,570,2025-01-24 06:00:00,2025-01-24 13:07:30,2025-01-24 14:27:30,10909,80
Tanger,Rabat,250,2025-11-06 18:00:00,2025-11-06 21:07:30,2025-11-06 21:37:30,13091,30
Marrakech,Casablanca,240,2025-03-25 15:00:00,2025-03-25 18:00:00,2025-03-25 19:32:00,14177,92
Agadir,Tanger,865,2025-12-15 19:00:00,2025-12-16 05:48:45,2025-12-16 07:27:45,10474,99
Rabat,Tanger,250,2025-12-16 09:00:00,2025-12-16 12:07:30,2025-12-16 12:24:30,25064,17
Tanger,Casablanca,340,2025-10-15 18:00:00,2025-10-15 22:15:00,2025-10-15 23:28:00,13089,73
Rabat,Agadir,570,2025-10-29 11:00:00,2025-10-29 18:07:30,2025-10-29 19:39:30,20224,92
Casablanca,Marrakech,240,2025-04-06 19:00:00,2025-04-06 22:00:00,2025-04-06 23:27:00,4929,87
Rabat,Tanger,250,2025-12-27 19:00:00,2025-12-27 22:07:30,2025-12-27 23:00:30,38711,53
Rabat,Agadir,570,2025-11-06 20:00:00,2025-11-07 03:07:30,2025-11-07 03:45:30,10569,38
Marrakech,Casablanca,240,2025-06-02 08:00:00,2025-06-02 11:00:00,2025-06-02 12:54:00,30356,114
Casablanca,Rabat,95,2025-10-20 14:00:00,2025-10-20 15:11:15,2025-10-20 16:57:15,26121,106
Rabat,Casablanca,95,2025-07-13 15:00:00,2025-07-13 16:11:15,2025-07-13 17:03:15,21262,52
Rabat,Casablanca,95,2025-04-17 09:00:00,2025-04-17 10:11:15,2025-04-17 11:11:15,9312,60
Agadir,Marrakech,235,2025-08-26 17:00:00,2025-08-26 19:56:15,2025-08-26 21:49:15,36521,113
Agadir,Casablanca,470,2025-12-20 07:00:00,2025-12-20 12:52:30,2025-12-20 14:27:30,22520,95
Marrakech,Tanger,555,2025-10-28 19:00:00,2025-10-29 01:56:15,2025-10-29 03:01:15,29063,65
Marrakech,Tanger,555,2025-03-03 11:00:00,2025-03-03 17:56:15,2025-03-03 19:39:15,21934,103
Rabat,Casablanca,95,2025-10-29 11:00:00,2025-10-29 12:11:15,2025-10-29 12:20:15,28314,9
Casablanca,Tanger,340,2025-06-24 20:00:00,2025-06-25 00:15:00,2025-06-25 01:21:00,5425,66
Marrakech,Agadir,235,2025-12-10 08:00:00,2025-12-10 10:56:15,2025-12-10 12:22:15,32351,86
Casablanca,Rabat,95,2025-06-26 18:00:00,2025-06-26 19:11:15,2025-06-26 20:37:15,2586,86
Rabat,Marrakech,320,2025-01-21 11:00:00,2025-01-21 15:00:00,2025-01-21 16:29:00,32557,89
Agadir,Marrakech,235,2025-03-01 15:00:00,2025-03-01 17:56:15,2025-03-01 19:03:15,16369,67
Rabat,Agadir,570,2025-11-16 06:00:00,2025-11-16 13:07:30,2025-11-16 14:38:30,33828,91
Casablanca,Agadir,470,2025-12-29 08:00:00,2025-12-29 13:52:30,2025-12-29 15:31:30,34866,99
Casablanca,Agadir,470,2025-12-31 20:00:00,2026-01-01 01:52:30,2026-01-01 03:38:30,13103,106
Agadir,Tanger,865,2025-07-17 12:00:00,2025-07-17 22:48:45,2025-07-17 23:45:45,29696,57
Rabat,Marrakech,320,2025-06-10 14:00:00,2025-06-10 18:00:00,2025-06-10 19:42:00,17310,102
Agadir,Marrakech,235,2025-07-02 06:00:00,2025-07-02 08:56:15,2025-07-02 09:47:15,34052,51
Marrakech,Casablanca,240,2025-09-16 20:00:00,2025-09-16 23:00:00,2025-09-16 23:09:00,4318,9
Tanger,Casablanca,340,2025-12-02 10:00:00,2025-12-02 14:15:00,2025-12-02 14:43:00,21365,28
Rabat,Agadir,570,2025-07-29 09:00:00,2025-07-29 16:07:30,2025-07-29 17:52:30,31719,105
Rabat,Tanger,250,2025-08-30 07:00:00,2025-08-30 10:07:30,2025-08-30 10:18:30,38093,11
Agadir,Casablanca,470,2025-09-21 19:00:00,2025-09-22 00:52:30,2025-09-22 02:11:30,18050,79
Agadir,Rabat,570,2025-07-30 07:00:00,2025-07-30 14:07:30,2025-07-30 14:26:30,8048,19
Agadir,Rabat,570,2025-10-11 20:00:00,2025-10-12 03:07:30,2025-10-12 03:16:30,16471,9
Casablanca,Tanger,340,2025-06-03 09:00:00,2025-06-03 13:15:00,2025-06-03 14:22:00,22881,67
Casablanca,Marrakech,240,2025-01-08 20:00:00,2025-01-08 23:00:00,2025-01-08 23:58:00,37941,58
Marrakech,Rabat,320,2025-08-18 20:00:00,2025-08-19 00:00:00,2025-08-19 01:41:00,16411,101
Tanger,Casablanca,340,2025-04-05 17:00:00,2025-04-05 21:15:00,2025-04-05 22:49:00,5434,94
Rabat,Tanger,250,2025-04-09 09:00:00,2025-04-09 12:07:30,2025-04-09 12:26:30,26893,19
Rabat,Casablanca,95,2025-06-20 11:00:00,2025-06-20 12:11:15,2025-06-20 12:41:15,11600,30
Agadir,Rabat,570,2025-08-03 22:00:00,2025-08-04 05:07:30,2025-08-04 05:20:30,7397,13
Tanger,Rabat,250,2025-12-12 16:00:00,2025-12-12 19:07:30,2025-12-12 20:34:30,25226,87
Tanger,Rabat,250,2025-10-04 17:00:00,2025-10-04 20:07:30,2025-10-04 21:52:30,6818,105
Rabat,Casablanca,95,2025-05-21 14:00:00,2025-05-21 15:11:15,2025-05-21 17:03:15,3978,112
Rabat,Tanger,250,2025-12-19 10:00:00,2025-12-19 13:07:30,2025-12-19 14:29:30,3707,82
Casablanca,Rabat,95,2025-03-22 17:00:00,2025-03-22 18:11:15,2025-03-22 19:54:15,29289,103
Tanger,Marrakech,555,2025-07-11 22:00:00,2025-07-12 04:56:15,2025-07-12 06:27:15,12519,91
Marrakech,Casablanca,240,2025-05-13 09:00:00,2025-05-13 12:00:00,2025-05-13 12:30:00,7164,30
Casablanca,Tanger,340,2025-07-17 10:00:00,2025-07-17 14:15:00,2025-07-17 15:15:00,12504,60
Tanger,Agadir,865,2025-01-27 18:00:00,2025-01-28 04:48:45,2025-01-28 06:36:45,2457,108
Agadir,Marrakech,235,2025-10-30 20:00:00,2025-10-30 22:56:15,2025-10-31 00:52:15,30741,116
Casablanca,Rabat,95,2025-01-13 06:00:00,2025-01-13 07:11:15,2025-01-13 07:12:15,10279,1
Tanger,Rabat,250,2025-08-05 16:00:00,2025-08-05 19:07:30,2025-08-05 20:57:30,35045,110
Tanger,Rabat,250,2025-04-23 13:00:00,2025-04-23 16:07:30,2025-04-23 18:07:30,21984,120
Rabat,Casablanca,95,2025-03-12 14:00:00,2025-03-12 15:11:15,2025-03-12 16:45:15,19772,94
Marrakech,Agadir,235,2025-08-04 21:00:00,2025-08-04 23:56:15,2025-08-05 00:40:15,14620,44
Casablanca,Marrakech,240,2025-07-21 17:00:00,2025-07-21 20:00:00,2025-07-21 21:48:00,31743,108
Casablanca,Tanger,340,2025-11-12 14:00:00,2025-11-12 18:15:00,2025-11-12 19:29:00,33290,74
Marrakech,Tanger,555,2025-09-29 08:00:00,2025-09-29 14:56:15,2025-09-29 16:09:15,36632,73
Tanger,Agadir,865,2025-05-21 16:00:00,2025-05-22 02:48:45,2025-05-22 03:15:45,38285,27
Casablanca,Agadir,470,2025-10-12 10:00:00,2025-10-12 15:52:30,2025-10-12 16:47:30,11507,55
Rabat,Tanger,250,2025-09-05 16:00:00,2025-09-05 19:07:30,2025-09-05 21:00:30,29640,113
Agadir,Marrakech,235,2025-01-27 14:00:00,2025-01-27 16:56:15,2025-01-27 17:11:15,23623,15
Rabat,Casablanca,95,2025-05-27 20:00:00,2025-05-27 21:11:15,2025-05-27 22:57:15,27006,106
Marrakech,Agadir,235,2025-12-13 15:00:00,2025-12-13 17:56:15,2025-12-13 18:25:15,2232,29
Marrakech,Casablanca,240,2025-05-03 15:00:00,2025-05-03 18:00:00,2025-05-03 18:22:00,9717,22
Agadir,Rabat,570,2025-11-04 15:00:00,2025-11-04 22:07:30,2025-11-04 22:54:30,37351,47
Rabat,Agadir,570,2025-06-21 17:00:00,2025-06-22 00:07:30,2025-06-22 00:41:30,31166,34
Rabat,Casablanca,95,2025-05-02 19:00:00,2025-05-02 20:11:15,2025-05-02 21:28:15,39601,77
Marrakech,Agadir,235,2025-11-15 17:00:00,2025-11-15 19:56:15,2025-11-15 21:02:15,38360,66
Rabat,Marrakech,320,2025-08-18 20:00:00,2025-08-19 00:00:00,2025-08-19 00:46:00,32408,46
Marrakech,Tanger,555,2025-02-12 07:00:00,2025-02-12 13:56:15,2025-02-12 14:18:15,30501,22
Casablanca,Agadir,470,2025-09-27 20:00:00,2025-09-28 01:52:30,2025-09-28 03:41:30,17709,109
Tanger,Agadir,865,2025-05-03 16:00:00,2025-05-04 02:48:45,2025-05-04 04:39:45,38217,111
Marrakech,Rabat,320,2025-07-02 17:00:00,2025-07-02 21:00:00,2025-07-02 22:03:00,38242,63
Casablanca,Marrakech,240,2025-08-13 18:00:00,2025-08-13 21:00:00,2025-08-13 21:57:00,25212,57
Tanger,Casablanca,340,2025-02-10 11:00:00,2025-02-10 15:15:00,2025-02-10 15:59:00,33814,44
Rabat,Marrakech,320,2025-12-23 13:00:00,2025-12-23 17:00:00,2025-12-23 18:24:00,18760,84
Rabat,Casablanca,95,2025-06-01 06:00:00,2025-06-01 07:11:15,2025-06-01 07:59:15,30400,48
Marrakech,Rabat,320,2025-11-06 14:00:00,2025-11-06 18:00:00,2025-11-06 18:13:00,22400,13
Casablanca,Tanger,340,2025-08-02 14:00:00,2025-08-02 18:15:00,2025-08-02 19:51:00,26564,96
Rabat,Casablanca,95,2025-07-25 17:00:00,2025-07-25 18:11:15,2025-07-25 18:22:15,32080,11
Tanger,Agadir,865,2025-07-27 15:00:00,2025-07-28 01:48:45,2025-07-28 03:29:45,22893,101
Rabat,Agadir,570,2025-04-30 14:00:00,2025-04-30 21:07:30,2025-04-30 22:53:30,27181,106
Agadir,Rabat,570,2025-12-22 20:00:00,2025-12-23 03:07:30,2025-12-23 03:55:30,21046,48
Rabat,Agadir,570,2025-01-03 14:00:00,2025-01-03 21:07:30,2025-01-03 22:42:30,15537,95
Agadir,Marrakech,235,2025-08-31 07:00:00,2025-08-31 09:56:15,2025-08-31 10:11:15,29116,15
Marrakech,Agadir,235,2025-05-28 15:00:00,2025-05-28 17:56:15,2025-05-28 19:05:15,20353,69
Agadir,Tanger,865,2025-11-08 22:00:00,2025-11-09 08:48:45,2025-11-09 10:45:45,38211,117
Casablanca,Tanger,340,2025-06-12 06:00:00,2025-06-12 10:15:00,2025-06-12 10:20:00,12512,5
Casablanca,Rabat,95,2025-04-07 10:00:00,2025-04-07 11:11:15,2025-04-07 12:44:15,34598,93
Casablanca,Rabat,95,2025-09-30 21:00:00,2025-09-30 22:11:15,2025-09-30 22:13:15,32784,2
Agadir,Tanger,865,2025-08-15 20:00:00,2025-08-16 06:48:45,2025-08-16 07:32:45,28016,44
Agadir,Casablanca,470,2025-12-01 12:00:00,2025-12-01 17:52:30,2025-12-01 18:51:30,33019,59
Agadir,Rabat,570,2025-02-15 12:00:00,2025-02-15 19:07:30,2025-02-15 19:36:30,28812,29
Tanger,Rabat,250,2025-01-23 17:00:00,2025-01-23 20:07:30,2025-01-23 20:09:30,25488,2
Tanger,Marrakech,555,2025-04-28 22:00:00,2025-04-29 04:56:15,2025-04-29 05:45:15,13455,49
Casablanca,Rabat,95,2025-04-04 21:00:00,2025-04-04 22:11:15,2025-04-04 23:19:15,7492,68
Marrakech,Rabat,320,2025-02-17 08:00:00,2025-02-17 12:00:00,2025-02-17 13:02:00,39884,62
Casablanca,Agadir,470,2025-11-17 18:00:00,2025-11-17 23:52:30,2025-11-18 00:05:30,4698,13
Tanger,Casablanca,340,2025-07-31 15:00:00,2025-07-31 19:15:00,2025-07-31 19:47:00,28854,32
Agadir,Casablanca,470,2025-05-16 16:00:00,2025-05-16 21:52:30,2025-05-16 22:59:30,4576,67
Tanger,Marrakech,555,2025-12-29 19:00:00,2025-12-30 01:56:15,2025-12-30 03:23:15,30663,87
Agadir,Tanger,865,2025-11-18 19:00:00,2025-11-19 05:48:45,2025-11-19 07:24:45,15411,96
Agadir,Casablanca,470,2025-06-30 21:00:00,2025-07-01 02:52:30,2025-07-01 03:30:30,5020,38
Casablanca,Agadir,470,2025-12-30 10:00:00,2025-12-30 15:52:30,2025-12-30 16:32:30,33484,40
Rabat,Tanger,250,2025-12-26 15:00:00,2025-12-26 18:07:30,2025-12-26 18:28:30,27146,21
Tanger,Casablanca,340,2025-08-16 12:00:00,2025-08-16 16:15:00,2025-08-16 17:43:00,31226,88
Tanger,Casablanca,340,2025-12-27 10:00:00,2025-12-27 14:15:00,2025-12-27 15:46:00,5820,91
Rabat,Tanger,250,2025-04-22 11:00:00,2025-04-22 14:07:30,2025-04-22 15:41:30,33279,94
Rabat,Marrakech,320,2025-01-11 16:00:00,2025-01-11 20:00:00,2025-01-11 20:42:00,29343,42
Tanger,Agadir,865,2025-07-17 07:00:00,2025-07-17 17:48:45,2025-07-17 19:06:45,16664,78
Casablanca,Rabat,95,2025-01-14 16:00:00,2025-01-14 17:11:15,2025-01-14 17:14:15,7941,3
Casablanca,Tanger,340,2025-08-23 22:00:00,2025-08-24 02:15:00,2025-08-24 02:58:00,38130,43
Casablanca,Rabat,95,2025-03-20 09:00:00,2025-03-20 10:11:15,2025-03-20 10:29:15,24076,18
Casablanca,Tanger,340,2025-04-24 10:00:00,2025-04-24 14:15:00,2025-04-24 15:18:00,9850,63
Casablanca,Tanger,340,2025-06-30 12:00:00,2025-06-30 16:15:00,2025-06-30 16:17:00,36625,2
Marrakech,Tanger,555,2025-10-11 18:00:00,2025-10-12 00:56:15,2025-10-12 02:28:15,25189,92
Tanger,Casablanca,340,2025-10-07 06:00:00,2025-10-07 10:15:00,2025-10-07 10:29:00,19709,14
Marrakech,Tanger,555,2025-12-25 06:00:00,2025-12-25 12:56:15,2025-12-25 13:22:15,29860,26
Casablanca,Agadir,470,2025-07-29 22:00:00,2025-07-30 03:52:30,2025-07-30 04:50:30,33123,58
Tanger,Casablanca,340,2025-02-24 20:00:00,2025-02-25 00:15:00,2025-02-25 01:09:00,17298,54
Casablanca,Agadir,470,2025-01-10 16:00:00,2025-01-10 21:52:30,2025-01-10 23:13:30,19626,81
Agadir,Tanger,865,2025-02-04 09:00:00,2025-02-04 19:48:45,2025-02-04 21:33:45,8959,105
Casablanca,Tanger,340,2025-12-16 21:00:00,2025-12-17 01:15:00,2025-12-17 01:48:00,28758,33
Rabat,Agadir,570,2025-09-27 13:00:00,2025-09-27 20:07:30,2025-09-27 21:42:30,9821,95
Casablanca,Tanger,340,2025-08-09 15:00:00,2025-08-09 19:15:00,2025-08-09 20:58:00,10802,103
Rabat,Marrakech,320,2025-03-05 13:00:00,2025-03-05 17:00:00,2025-03-05 18:23:00,32086,83
Agadir,Rabat,570,2025-05-16 17:00:00,2025-05-17 00:07:30,2025-05-17 02:07:30,9406,120
Agadir,Marrakech,235,2025-01-15 07:00:00,2025-01-15 09:56:15,2025-01-15 10:05:15,34054,9
Casablanca,Rabat,95,2025-11-09 11:00:00,2025-11-09 12:11:15,2025-11-09 13:17:15,6119,66
Agadir,Marrakech,235,2025-11-10 17:00:00,2025-11-10 19:56:15,2025-11-10 20:07:15,38628,11
Casablanca,Agadir,470,2025-02-17 06:00:00,2025-02-17 11:52:30,2025-02-17 13:38:30,7119,106
Marrakech,Rabat,320,2025-02-28 10:00:00,2025-02-28 14:00:00,2025-02-28 14:16:00,27862,16
Casablanca,Marrakech,240,2025-07-12 08:00:00,2025-07-12 11:00:00,2025-07-12 12:55:00,35402,115
Agadir,Tanger,865,2025-09-06 06:00:00,2025-09-06 16:48:45,2025-09-06 17:42:45,37904,54
Agadir,Marrakech,235,2025-03-01 11:00:00,2025-03-01 13:56:15,2025-03-01 14:38:15,13178,42
Casablanca,Tanger,340,2025-06-26 11:00:00,2025-06-26 15:15:00,2025-06-26 16:20:00,22441,65
Rabat,Agadir,570,2025-09-25 16:00:00,2025-09-25 23:07:30,2025-09-25 23:30:30,23227,23
Agadir,Marrakech,235,2025-09-03 15:00:00,2025-09-03 17:56:15,2025-09-03 19:32:15,25643,96
Casablanca,Agadir,470,2025-07-19 06:00:00,2025-07-19 11:52:30,2025-07-19 13:47:30,21180,115
Marrakech,Tanger,555,2025-07-18 09:00:00,2025-07-18 15:56:15,2025-07-18 16:39:15,26050,43
Agadir,Tanger,865,2025-06-10 16:00:00,2025-06-11 02:48:45,2025-06-11 03:42:45,38276,54
Agadir,Rabat,570,2025-11-16 07:00:00,2025-11-16 14:07:30,2025-11-16 15:54:30,24834,107
Agadir,Rabat,570,2025-07-15 09:00:00,2025-07-15 16:07:30,2025-07-15 17:37:30,4592,90
Rabat,Agadir,570,2025-06-17 22:00:00,2025-06-18 05:07:30,2025-06-18 06:47:30,17329,100
Tanger,Rabat,250,2025-04-04 17:00:00,2025-04-04 20:07:30,2025-04-04 21:40:30,31498,93
Agadir,Tanger,865,2025-08-17 17:00:00,2025-08-18 03:48:45,2025-08-18 05:23:45,34717,95
Marrakech,Casablanca,240,2025-11-28 13:00:00,2025-11-28 16:00:00,2025-11-28 17:23:00,15030,83
Agadir,Casablanca,470,2025-09-30 19:00:00,2025-10-01 00:52:30,2025-10-01 01:10:30,8068,18
Marrakech,Rabat,320,2025-04-05 20:00:00,2025-04-06 00:00:00,2025-04-06 00:21:00,26572,21
Tanger,Marrakech,555,2025-06-16 20:00:00,2025-06-17 02:56:15,2025-06-17 03:32:15,25553,36
Agadir,Marrakech,235,2025-03-22 14:00:00,2025-03-22 16:56:15,2025-03-22 17:08:15,5138,12
Tanger,Marrakech,555,2025-12-28 20:00:00,2025-12-29 02:56:15,2025-12-29 03:10:15,27910,14
Tanger,Agadir,865,2025-05-11 07:00:00,2025-05-11 17:48:45,2025-05-11 19:33:45,24765,105
Casablanca,Tanger,340,2025-03-29 13:00:00,2025-03-29 17:15:00,2025-03-29 19:01:00,29152,106
Casablanca,Marrakech,240,2025-05-01 22:00:00,2025-05-02 01:00:00,2025-05-02 02:09:00,39364,69
Tanger,Agadir,865,2025-03-28 10:00:00,2025-03-28 20:48:45,2025-03-28 21:45:45,28664,57
Tanger,Marrakech,555,2025-03-10 16:00:00,2025-03-10 22:56:15,2025-03-11 00:36:15,12186,100
Tanger,Casablanca,340,2025-01-14 21:00:00,2025-01-15 01:15:00,2025-01-15 01:38:00,18384,23
Marrakech,Casablanca,240,2025-03-08 19:00:00,2025-03-08 22:00:00,2025-03-08 23:47:00,28306,107
Agadir,Casablanca,470,2025-05-09 18:00:00,2025-05-09 23:52:30,2025-05-10 00:50:30,6573,58
Agadir,Casablanca,470,2025-11-08 14:00:00,2025-11-08 19:52:30,2025-11-08 19:54:30,8984,2
Marrakech,Tanger,555,2025-01-19 13:00:00,2025-01-19 19:56:15,2025-01-19 21:01:15,21268,65
Tanger,Casablanca,340,2025-04-07 22:00:00,2025-04-08 02:15:00,2025-04-08 04:02:00,7895,107
Agadir,Rabat,570,2025-11-11 17:00:00,2025-11-12 00:07:30,2025-11-12 00:35:30,10668,28
Agadir,Rabat,570,2025-03-28 12:00:00,2025-03-28 19:07:30,2025-03-28 19:14:30,9487,7
Rabat,Marrakech,320,2025-11-20 16:00:00,2025-11-20 20:00:00,2025-11-20 20:06:00,30602,6
Casablanca,Agadir,470,2025-06-01 11:00:00,2025-06-01 16:52:30,2025-06-01 17:45:30,26815,53
Marrakech,Agadir,235,2025-09-13 19:00:00,2025-09-13 21:56:15,2025-09-13 21:59:15,25489,3
Marrakech,Rabat,320,2025-07-17 11:00:00,2025-07-17 15:00:00,2025-07-17 16:39:00,39944,99
Rabat,Marrakech,320,2025-05-01 15:00:00,2025-05-01 19:00:00,2025-05-01 20:39:00,13376,99
Rabat,Tanger,250,2025-02-18 14:00:00,2025-02-18 17:07:30,2025-02-18 18:59:30,13628,112
Agadir,Rabat,570,2025-09-22 15:00:00,2025-09-22 22:07:30,2025-09-22 22:47:30,24991,40
Agadir,Casablanca,470,2025-07-10 06:00:00,2025-07-10 11:52:30,2025-07-10 12:35:30,15385,43
Rabat,Tanger,250,2025-11-04 09:00:00,2025-11-04 12:07:30,2025-11-04 12:24:30,7947,17
Rabat,Casablanca,95,2025-06-24 20:00:00,2025-06-24 21:11:15,2025-06-24 21:23:15,17987,12
Marrakech,Agadir,235,2025-05-04 08:00:00,2025-05-04 10:56:15,2025-05-04 11:46:15,21623,50
Casablanca,Agadir,470,2025-07-24 20:00:00,2025-07-25 01:52:30,2025-07-25 02:56:30,32544,64
Rabat,Marrakech,320,2025-08-20 14:00:00,2025-08-20 18:00:00,2025-08-20 18:02:00,7011,2
Tanger,Rabat,250,2025-06-16 06:00:00,2025-06-16 09:07:30,2025-06-16 10:04:30,12668,57
Agadir,Tanger,865,2025-03-20 09:00:00,2025-03-20 19:48:45,2025-03-20 21:03:45,17953,75
Rabat,Agadir,570,2025-06-15 10:00:00,2025-06-15 17:07:30,2025-06-15 17:45:30,18750,38
Casablanca,Marrakech,240,2025-02-09 20:00:00,2025-02-09 23:00:00,2025-02-10 00:21:00,37356,81
Casablanca,Agadir,470,2025-11-10 09:00:00,2025-11-10 14:52:30,2025-11-10 14:56:30,21195,4
Rabat,Marrakech,320,2025-12-01 08:00:00,2025-12-01 12:00:00,2025-12-01 13:06:00,24120,66
Tanger,Rabat,250,2025-07-18 10:00:00,2025-07-18 13:07:30,2025-07-18 14:47:30,29195,100
Casablanca,Marrakech,240,2025-04-10 18:00:00,2025-04-10 21:00:00,2025-04-10 21:41:00,36820,41
Tanger,Rabat,250,2025-04-20 21:00:00,2025-04-21 00:07:30,2025-04-21 01:06:30,27518,59
Rabat,Agadir,570,2025-07-16 14:00:00,2025-07-16 21:07:30,2025-07-16 21:24:30,29746,17
Rabat,Marrakech,320,2025-06-04 19:00:00,2025-06-04 23:00:00,2025-06-04 23:09:00,30097,9
Marrakech,Agadir,235,2025-08-12 13:00:00,2025-08-12 15:56:15,2025-08-12 16:57:15,10885,61
Agadir,Casablanca,470,2025-07-04 08:00:00,2025-07-04 13:52:30,2025-07-04 14:58:30,24105,66
Rabat,Tanger,250,2025-04-04 16:00:00,2025-04-04 19:07:30,2025-04-04 20:47:30,12767,100
Rabat,Agadir,570,2025-12-15 22:00:00,2025-12-16 05:07:30,2025-12-16 05:46:30,11603,39
Marrakech,Casablanca,240,2025-08-01 13:00:00,2025-08-01 16:00:00,2025-08-01 17:00:00,39893,60
Marrakech,Agadir,235,2025-05-15 22:00:00,2025-05-16 00:56:15,2025-05-16 02:20:15,9453,84
Marrakech,Casablanca,240,2025-05-17 14:00:00,2025-05-17 17:00:00,2025-05-17 17:42:00,24409,42
Casablanca,Marrakech,240,2025-10-11 11:00:00,2025-10-11 14:00:00,2025-10-11 15:11:00,21370,71
Agadir,Marrakech,235,2025-08-17 14:00:00,2025-08-17 16:56:15,2025-08-17 17:28:15,6031,32
Rabat,Casablanca,95,2025-01-10 16:00:00,2025-01-10 17:11:15,2025-01-10 18:39:15,34080,88
Casablanca,Agadir,470,2025-01-08 22:00:00,2025-01-09 03:52:30,2025-01-09 04:18:30,36408,26
Rabat,Casablanca,95,2025-12-01 21:00:00,2025-12-01 22:11:15,2025-12-01 22:50:15,5105,39
Casablanca,Rabat,95,2025-02-20 17:00:00,2025-02-20 18:11:15,2025-02-20 18:12:15,9801,1
Agadir,Rabat,570,2025-12-04 15:00:00,2025-12-04 22:07:30,2025-12-04 23:02:30,14356,55
Rabat,Marrakech,320,2025-07-11 07:00:00,2025-07-11 11:00:00,2025-07-11 11:20:00,21162,20
Casablanca,Rabat,95,2025-09-05 22:00:00,2025-09-05 23:11:15,2025-09-06 01:00:15,10819,109
Marrakech,Tanger,555,2025-11-13 14:00:00,2025-11-13 20:56:15,2025-11-13 22:40:15,29167,104
Marrakech,Rabat,320,2025-12-29 12:00:00,2025-12-29 16:00:00,2025-12-29 16:00:00,11724,0
Casablanca,Marrakech,240,2025-05-29 18:00:00,2025-05-29 21:00:00,2025-05-29 21:48:00,2067,48
Agadir,Casablanca,470,2025-08-26 18:00:00,2025-08-26 23:52:30,2025-08-27 00:47:30,24758,55
Tanger,Marrakech,555,2025-01-11 08:00:00,2025-01-11 14:56:15,2025-01-11 16:54:15,17208,118
Agadir,Tanger,865,2025-09-16 06:00:00,2025-09-16 16:48:45,2025-09-16 17:03:45,3642,15
Casablanca,Marrakech,240,2025-03-26 08:00:00,2025-03-26 11:00:00,2025-03-26 12:18:00,31786,78
Agadir,Marrakech,235,2025-06-24 09:00:00,2025-06-24 11:56:15,2025-06-24 12:09:15,28433,13
Tanger,Agadir,865,2025-03-22 12:00:00,2025-03-22 22:48:45,2025-03-23 00:01:45,23715,73
Tanger,Rabat,250,2025-12-11 16:00:00,2025-12-11 19:07:30,2025-12-11 21:00:30,18792,113
Agadir,Rabat,570,2025-09-18 22:00:00,2025-09-19 05:07:30,2025-09-19 06:55:30,27322,108
Marrakech,Tanger,555,2025-04-16 20:00:00,2025-04-17 02:56:15,2025-04-17 03:58:15,12491,62
Marrakech,Tanger,555,2025-03-19 06:00:00,2025-03-19 12:56:15,2025-03-19 13:47:15,24118,51
Marrakech,Agadir,235,2025-08-11 11:00:00,2025-08-11 13:56:15,2025-08-11 13:56:15,13478,0
Marrakech,Rabat,320,2025-08-11 06:00:00,2025-08-11 10:00:00,2025-08-11 10:24:00,15324,24
Rabat,Marrakech,320,2025-02-24 15:00:00,2025-02-24 19:00:00,2025-02-24 20:44:00,20397,104
Rabat,Marrakech,320,2025-01-17 15:00:00,2025-01-17 19:00:00,2025-01-17 20:31:00,14321,91
Marrakech,Casablanca,240,2025-09-06 06:00:00,2025-09-06 09:00:00,2025-09-06 10:54:00,18195,114
Rabat,Marrakech,320,2025-02-20 17:00:00,2025-02-20 21:00:00,2025-02-20 22:35:00,32945,95
Agadir,Casablanca,470,2025-11-24 06:00:00,2025-11-24 11:52:30,2025-11-24 13:40:30,5246,108
Marrakech,Casablanca,240,2025-11-22 08:00:00,2025-11-22 11:00:00,2025-11-22 11:33:00,12108,33
Marrakech,Casablanca,240,2025-08-28 10:00:00,2025-08-28 13:00:00,2025-08-28 14:29:00,3312,89
Tanger,Marrakech,555,2025-04-25 10:00:00,2025-04-25 16:56:15,2025-04-25 18:52:15,29129,116
Casablanca,Rabat,95,2025-10-30 09:00:00,2025-10-30 10:11:15,2025-10-30 10:27:15,33863,16
Tanger,Casablanca,340,2025-07-21 19:00:00,2025-07-21 23:15:00,2025-07-21 23:59:00,25452,44
Agadir,Casablanca,470,2025-10-11 10:00:00,2025-10-11 15:52:30,2025-10-11 16:37:30,8512,45
Tanger,Casablanca,340,2025-01-06 07:00:00,2025-01-06 11:15:00,2025-01-06 11:47:00,7197,32
Tanger,Rabat,250,2025-08-13 08:00:00,2025-08-13 11:07:30,2025-08-13 12:26:30,16693,79
Agadir,Rabat,570,2025-03-10 18:00:00,2025-03-11 01:07:30,2025-03-11 02:16:30,15908,69
Tanger,Rabat,250,2025-09-19 11:00:00,2025-09-19 14:07:30,2025-09-19 14:20:30,39404,13
Casablanca,Rabat,95,2025-02-19 18:00:00,2025-02-19 19:11:15,2025-02-19 20:58:15,35663,107
Tanger,Casablanca,340,2025-05-03 18:00:00,2025-05-03 22:15:00,2025-05-03 22:27:00,32871,12
Rabat,Tanger,250,2025-04-07 17:00:00,2025-04-07 20:07:30,2025-04-07 21:03:30,21389,56
Rabat,Tanger,250,2025-07-14 21:00:00,2025-07-15 00:07:30,2025-07-15 01:24:30,3881,77
Marrakech,Tanger,555,2025-02-05 12:00:00,2025-02-05 18:56:15,2025-02-05 19:24:15,28265,28
Casablanca,Tanger,340,2025-09-06 09:00:00,2025-09-06 13:15:00,2025-09-06 15:11:00,32085,116
Marrakech,Rabat,320,2025-09-16 19:00:00,2025-09-16 23:00:00,2025-09-16 23:01:00,7740,1
Rabat,Casablanca,95,2025-10-29 07:00:00,2025-10-29 08:11:15,2025-10-29 09:08:15,38384,57
Marrakech,Agadir,235,2025-12-25 16:00:00,2025-12-25 18:56:15,2025-12-25 19:56:15,20750,60
Rabat,Agadir,570,2025-08-13 15:00:00,2025-08-13 22:07:30,2025-08-13 22:49:30,24561,42
Rabat,Marrakech,320,2025-01-05 07:00:00,2025-01-05 11:00:00,2025-01-05 12:39:00,14666,99
Marrakech,Casablanca,240,2025-03-07 10:00:00,2025-03-07 13:00:00,2025-03-07 13:13:00,37821,13
Agadir,Tanger,865,2025-12-27 18:00:00,2025-12-28 04:48:45,2025-12-28 04:59:45,34361,11
Agadir,Rabat,570,2025-01-06 09:00:00,2025-01-06 16:07:30,2025-01-06 17:54:30,15217,107
Agadir,Casablanca,470,2025-07-25 20:00:00,2025-07-26 01:52:30,2025-07-26 02:22:30,21111,30
Tanger,Agadir,865,2025-11-16 09:00:00,2025-11-16 19:48:45,2025-11-16 20:01:45,21873,13
Marrakech,Rabat,320,2025-07-09 12:00:00,2025-07-09 16:00:00,2025-07-09 16:24:00,32882,24
Marrakech,Agadir,235,2025-05-30 10:00:00,2025-05-30 12:56:15,2025-05-30 14:45:15,5972,109
Tanger,Casablanca,340,2025-08-31 17:00:00,2025-08-31 21:15:00,2025-08-31 22:20:00,12888,65
Casablanca,Tanger,340,2025-07-01 18:00:00,2025-07-01 22:15:00,2025-07-01 22:56:00,37497,41
Marrakech,Tanger,555,2025-08-21 18:00:00,2025-08-22 00:56:15,2025-08-22 01:53:15,23731,57
Tanger,Marrakech,555,2025-05-04 09:00:00,2025-05-04 15:56:15,2025-05-04 17:38:15,27030,102
Tanger,Casablanca,340,2025-05-06 10:00:00,2025-05-06 14:15:00,2025-05-06 15:35:00,22306,80
Casablanca,Agadir,470,2025-07-10 21:00:00,2025-07-11 02:52:30,2025-07-11 04:09:30,19727,77
Casablanca,Tanger,340,2025-03-05 15:00:00,2025-03-05 19:15:00,2025-03-05 20:43:00,26669,88
Tanger,Agadir,865,2025-11-14 17:00:00,2025-11-15 03:48:45,2025-11-15 05:43:45,2704,115
Agadir,Casablanca,470,2025-09-04 17:00:00,2025-09-04 22:52:30,2025-09-05 00:50:30,32879,118
Rabat,Tanger,250,2025-01-20 08:00:00,2025-01-20 11:07:30,2025-01-20 12:11:30,14957,64
Rabat,Agadir,570,2025-09-19 07:00:00,2025-09-19 14:07:30,2025-09-19 15:07:30,6727,60
Tanger,Agadir,865,2025-01-10 11:00:00,2025-01-10 21:48:45,2025-01-10 22:26:45,8904,38
Casablanca,Tanger,340,2025-06-25 17:00:00,2025-06-25 21:15:00,2025-06-25 22:56:00,35369,101
Agadir,Tanger,865,2025-08-03 07:00:00,2025-08-03 17:48:45,2025-08-03 18:53:45,33955,65
Marrakech,Casablanca,240,2025-06-03 07:00:00,2025-06-03 10:00:00,2025-06-03 11:57:00,22339,117
Agadir,Marrakech,235,2025-09-10 15:00:00,2025-09-10 17:56:15,2025-09-10 18:06:15,39699,10
Casablanca,Rabat,95,2025-03-17 15:00:00,2025-03-17 16:11:15,2025-03-17 17:48:15,24943,97
Rabat,Agadir,570,2025-08-19 13:00:00,2025-08-19 20:07:30,2025-08-19 21:38:30,15052,91
Agadir,Tanger,865,2025-02-17 15:00:00,2025-02-18 01:48:45,2025-02-18 02:45:45,13966,57
Agadir,Tanger,865,2025-12-03 19:00:00,2025-12-04 05:48:45,2025-12-04 06:01:45,28672,13
Rabat,Tanger,250,2025-04-07 15:00:00,2025-04-07 18:07:30,2025-04-07 18:13:30,5532,6
Agadir,Marrakech,235,2025-04-15 22:00:00,2025-04-16 00:56:15,2025-04-16 01:09:15,5381,13
Marrakech,Agadir,235,2025-12-25 07:00:00,2025-12-25 09:56:15,2025-12-25 10:16:15,14673,20
Agadir,Tanger,865,2025-06-05 21:00:00,2025-06-06 07:48:45,2025-06-06 08:05:45,13916,17
Tanger,Agadir,865,2025-05-12 21:00:00,2025-05-13 07:48:45,2025-05-13 09:17:45,8765,89
Tanger,Agadir,865,2025-03-31 12:00:00,2025-03-31 22:48:45,2025-04-01 00:30:45,35663,102
Marrakech,Rabat,320,2025-04-20 10:00:00,2025-04-20 14:00:00,2025-04-20 14:00:00,17433,0
Agadir,Marrakech,235,2025-08-01 14:00:00,2025-08-01 16:56:15,2025-08-01 18:04:15,35039,68
Tanger,Agadir,865,2025-12-17 18:00:00,2025-12-18 04:48:45,2025-12-18 06:03:45,17843,75
Marrakech,Tanger,555,2025-05-11 06:00:00,2025-05-11 12:56:15,2025-05-11 14:11:15,18854,75
Tanger,Rabat,250,2025-07-04 11:00:00,2025-07-04 14:07:30,2025-07-04 14:26:30,10672,19
Agadir,Marrakech,235,2025-12-16 06:00:00,2025-12-16 08:56:15,2025-12-16 09:34:15,38466,38
Rabat,Tanger,250,2025-07-19 07:00:00,2025-07-19 10:07:30,2025-07-19 10:55:30,15498,48
Marrakech,Casablanca,240,2025-07-22 16:00:00,2025-07-22 19:00:00,2025-07-22 20:51:00,19482,111
Casablanca,Tanger,340,2025-05-08 20:00:00,2025-05-09 00:15:00,2025-05-09 02:10:00,16458,115
Tanger,Agadir,865,2025-07-28 19:00:00,2025-07-29 05:48:45,2025-07-29 06:30:45,17684,42
Tanger,Marrakech,555,2025-02-27 07:00:00,2025-02-27 13:56:15,2025-02-27 15:48:15,34101,112
Marrakech,Agadir,235,2025-08-15 08:00:00,2025-08-15 10:56:15,2025-08-15 11:14:15,26173,18
Tanger,Rabat,250,2025-08-16 10:00:00,2025-08-16 13:07:30,2025-08-16 14:16:30,31469,69
Agadir,Tanger,865,2025-11-05 13:00:00,2025-11-05 23:48:45,2025-11-06 00:00:45,31603,12
Marrakech,Rabat,320,2025-07-21 21:00:00,2025-07-22 01:00:00,2025-07-22 01:44:00,15527,44
Casablanca,Rabat,95,2025-12-12 21:00:00,2025-12-12 22:11:15,2025-12-12 22:25:15,19706,14
Marrakech,Casablanca,240,2025-03-18 21:00:00,2025-03-19 00:00:00,2025-03-19 00:30:00,32866,30
Rabat,Marrakech,320,2025-07-12 12:00:00,2025-07-12 16:00:00,2025-07-12 16:59:00,29609,59
Tanger,Casablanca,340,2025-10-12 15:00:00,2025-10-12 19:15:00,2025-10-12 20:33:00,36788,78
Rabat,Agadir,570,2025-08-30 18:00:00,2025-08-31 01:07:30,2025-08-31 02:31:30,37548,84
Rabat,Tanger,250,2025-07-11 19:00:00,2025-07-11 22:07:30,2025-07-11 23:27:30,32877,80
Marrakech,Casablanca,240,2025-08-05 14:00:00,2025-08-05 17:00:00,2025-08-05 17:03:00,18804,3
Rabat,Casablanca,95,2025-01-21 13:00:00,2025-01-21 14:11:15,2025-01-21 14:15:15,23516,4
Marrakech,Rabat,320,2025-08-09 07:00:00,2025-08-09 11:00:00,2025-08-09 11:19:00,4144,19
Marrakech,Agadir,235,2025-01-21 18:00:00,2025-01-21 20:56:15,2025-01-21 21:34:15,7056,38
Tanger,Rabat,250,2025-08-10 20:00:00,2025-08-10 23:07:30,2025-08-11 00:21:30,7405,74
Marrakech,Casablanca,240,2025-04-19 19:00:00,2025-04-19 22:00:00,2025-04-19 23:51:00,34585,111
Tanger,Marrakech,555,2025-02-04 10:00:00,2025-02-04 16:56:15,2025-02-04 17:44:15,17474,48
Marrakech,Rabat,320,2025-07-05 10:00:00,2025-07-05 14:00:00,2025-07-05 15:05:00,31988,65
Casablanca,Rabat,95,2025-01-17 19:00:00,2025-01-17 20:11:15,2025-01-17 20:57:15,20811,46
Rabat,Casablanca,95,2025-05-27 17:00:00,2025-05-27 18:11:15,2025-05-27 18:48:15,14121,37
Marrakech,Agadir,235,2025-10-23 19:00:00,2025-10-23 21:56:15,2025-10-23 23:03:15,7605,67
Rabat,Tanger,250,2025-12-20 17:00:00,2025-12-20 20:07:30,2025-12-20 21:36:30,26211,89
Marrakech,Casablanca,240,2025-03-15 18:00:00,2025-03-15 21:00:00,2025-03-15 22:00:00,19635,60
Agadir,Casablanca,470,2025-06-30 12:00:00,2025-06-30 17:52:30,2025-06-30 19:43:30,28550,111
Rabat,Tanger,250,2025-08-24 15:00:00,2025-08-24 18:07:30,2025-08-24 19:20:30,33185,73
Rabat,Casablanca,95,2025-01-06 20:00:00,2025-01-06 21:11:15,2025-01-06 21:26:15,11394,15
Agadir,Marrakech,235,2025-06-17 17:00:00,2025-06-17 19:56:15,2025-06-17 21:27:15,36057,91
Rabat,Marrakech,320,2025-06-15 08:00:00,2025-06-15 12:00:00,2025-06-15 12:58:00,20423,58
Marrakech,Casablanca,240,2025-05-06 08:00:00,2025-05-06 11:00:00,2025-05-06 11:59:00,31480,59
Tanger,Casablanca,340,2025-02-09 21:00:00,2025-02-10 01:15:00,2025-02-10 01:29:00,19813,14
Marrakech,Tanger,555,2025-11-08 06:00:00,2025-11-08 12:56:15,2025-11-08 13:35:15,31703,39
Casablanca,Marrakech,240,2025-03-11 11:00:00,2025-03-11 14:00:00,2025-03-11 15:59:00,11513,119
Marrakech,Casablanca,240,2025-03-18 11:00:00,2025-03-18 14:00:00,2025-03-18 15:02:00,17506,62
Marrakech,Tanger,555,2025-04-13 11:00:00,2025-04-13 17:56:15,2025-04-13 19:11:15,7857,75
Marrakech,Casablanca,240,2025-01-16 19:00:00,2025-01-16 22:00:00,2025-01-16 22:39:00,16142,39
Agadir,Tanger,865,2025-07-16 20:00:00,2025-07-17 06:48:45,2025-07-17 08:46:45,31409,118
Marrakech,Rabat,320,2025-02-02 11:00:00,2025-02-02 15:00:00,2025-02-02 16:34:00,35648,94
Tanger,Rabat,250,2025-12-01 11:00:00,2025-12-01 14:07:30,2025-12-01 14:35:30,22223,28
Agadir,Marrakech,235,2025-01-06 06:00:00,2025-01-06 08:56:15,2025-01-06 09:23:15,9881,27
Tanger,Casablanca,340,2025-12-09 13:00:00,2025-12-09 17:15:00,2025-12-09 18:12:00,28211,57
Casablanca,Agadir,470,2025-06-01 15:00:00,2025-06-01 20:52:30,2025-06-01 21:48:30,6434,56
Casablanca,Agadir,470,2025-02-03 22:00:00,2025-02-04 03:52:30,2025-02-04 04:24:30,5471,32
Marrakech,Rabat,320,2025-04-03 22:00:00,2025-04-04 02:00:00,2025-04-04 03:46:00,24545,106
Casablanca,Tanger,340,2025-03-11 17:00:00,2025-03-11 21:15:00,2025-03-11 22:09:00,33939,54
Casablanca,Rabat,95,2025-10-28 17:00:00,2025-10-28 18:11:15,2025-10-28 18:20:15,35742,9
Marrakech,Rabat,320,2025-04-22 09:00:00,2025-04-22 13:00:00,2025-04-22 14:53:00,2413,113
Rabat,Agadir,570,2025-09-29 21:00:00,2025-09-30 04:07:30,2025-09-30 06:00:30,23953,113
Rabat,Marrakech,320,2025-04-29 22:00:00,2025-04-30 02:00:00,2025-04-30 03:54:00,2212,114
Agadir,Rabat,570,2025-12-07 06:00:00,2025-12-07 13:07:30,2025-12-07 13:07:30,33029,0
Agadir,Rabat,570,2025-05-11 12:00:00,2025-05-11 19:07:30,2025-05-11 19:22:30,15415,15
Tanger,Agadir,865,2025-10-05 18:00:00,2025-10-06 04:48:45,2025-10-06 05:54:45,12787,66
Tanger,Agadir,865,2025-04-10 14:00:00,2025-04-11 00:48:45,2025-04-11 01:20:45,19108,32
Marrakech,Tanger,555,2025-02-22 20:00:00,2025-02-23 02:56:15,2025-02-23 04:17:15,10891,81
Rabat,Agadir,570,2025-11-23 17:00:00,2025-11-24 00:07:30,2025-11-24 00:40:30,32087,33
Rabat,Casablanca,95,2025-01-01 20:00:00,2025-01-01 21:11:15,2025-01-01 23:08:15,39645,117
Marrakech,Casablanca,240,2025-02-12 06:00:00,2025-02-12 09:00:00,2025-02-12 09:21:00,6918,21
Rabat,Tanger,250,2025-07-24 08:00:00,2025-07-24 11:07:30,2025-07-24 11:29:30,11633,22
Marrakech,Agadir,235,2025-05-01 11:00:00,2025-05-01 13:56:15,2025-05-01 14:01:15,29263,5
Tanger,Rabat,250,2025-07-24 19:00:00,2025-07-24 22:07:30,2025-07-24 23:20:30,23310,73
