Ville de depart,Ville d'arrivee,Distance (km),Heure depart prevue,Heure arrivee prevue,Heure arrivee reelle,Poids (kg),Retard observe (minutes),Distance_group,Duree reelle (minutes),Jour de la semaine,Jour ferie,Heure_depart,Heure_arrivee,Weekend,Duree prevue (minutes),Difference duree (minutes),Retard par rapport a la duree prevue,Categorie_distance,Heure_de_trafic,Retard_prevu
1,3,95,2025-09-15 21:00:00,2025-09-15 22:11:15,2025-09-15 22:15:15,38939,4,51-100,75,Monday,True,21,22,0,71,4,1,0,0,1
0,2,235,2025-11-20 16:00:00,2025-11-20 18:56:15,2025-11-20 20:20:15,8061,84,101-300,260,Thursday,False,16,18,0,176,84,1,2,0,1
3,0,570,2025-02-06 17:00:00,2025-02-07 00:07:30,2025-02-07 01:24:30,23900,77,500+,504,Thursday,False,17,0,0,427,77,1,1,1,1
2,0,235,2025-02-27 16:00:00,2025-02-27 18:56:15,2025-02-27 19:45:15,38215,49,101-300,225,Thursday,False,16,18,0,176,49,1,2,0,1
2,0,235,2025-08-18 19:00:00,2025-08-18 21:56:15,2025-08-18 23:43:15,6889,107,101-300,283,Monday,False,19,21,0,176,107,1,2,1,1
4,1,340,2025-02-06 09:00:00,2025-02-06 13:15:00,2025-02-06 14:53:00,17590,98,301-400,353,Thursday,False,9,13,0,255,98,1,1,1,1
3,0,570,2025-12-10 06:00:00,2025-12-10 13:07:30,2025-12-10 13:23:30,35110,16,500+,443,Wednesday,False,6,13,0,427,16,1,1,0,1
4,3,250,2025-06-12 10:00:00,2025-06-12 13:07:30,2025-06-12 14:33:30,23325,86,101-300,273,Thursday,False,10,13,0,187,86,1,2,0,1
0,4,320,2025-04-03 18:00:00,2025-04-04 04:48:45,2025-04-04 04:48:45,24511,0,301-400,648,Thursday,False,18,4,0,648,0,0,1,1,0
4,3,250,2025-03-02 09:00:00,2025-03-02 12:07:30,2025-03-02 12:18:30,19324,11,101-300,198,Sunday,False,9,12,0,187,11,1,2,1,1
1,4,340,2025-10-24 15:00:00,2025-10-24 19:15:00,2025-10-24 21:07:00,11475,112,301-400,367,Friday,False,15,19,0,255,112,1,1,0,1
3,0,570,2025-10-08 12:00:00,2025-10-08 19:07:30,2025-10-08 19:13:30,28405,6,500+,433,Wednesday,False,12,19,0,427,6,1,1,0,1
2,3,320,2025-04-17 10:00:00,2025-04-17 14:00:00,2025-04-17 14:19:00,19869,19,301-400,259,Thursday,False,10,14,0,240,19,1,1,0,1
0,1,470,2025-03-02 16:00:00,2025-03-02 21:52:30,2025-03-02 23:41:30,20904,109,401-500,461,Sunday,False,16,21,0,352,109,1,1,0,1
1,2,240,2025-07-14 17:00:00,2025-07-14 20:00:00,2025-07-14 20:08:00,17052,8,101-300,188,Monday,False,17,20,0,180,8,1,2,1,1
2,1,240,2025-05-16 07:00:00,2025-05-16 10:00:00,2025-05-16 10:24:00,15057,24,101-300,204,Friday,False,7,10,0,180,24,1,2,1,1
1,0,470,2025-05-17 22:00:00,2025-05-18 03:52:30,2025-05-18 04:10:30,22035,18,401-500,370,Saturday,False,22,3,0,352,18,1,1,0,1
3,0,570,2025-07-11 21:00:00,2025-07-12 04:07:30,2025-07-12 04:20:30,30710,13,500+,440,Friday,False,21,4,0,427,13,1,1,0,1
1,0,470,2025-03-15 08:00:00,2025-03-15 13:52:30,2025-03-15 14:00:30,29012,8,401-500,360,Saturday,False,8,13,0,352,8,1,1,1,1
1,0,470,2025-01-14 10:00:00,2025-01-14 15:52:30,2025-01-14 16:51:30,17987,59,401-500,411,Tuesday,False,10,15,0,352,59,1,1,0,1
2,4,555,2025-10-09 06:00:00,2025-10-09 12:56:15,2025-10-09 14:07:15,15109,71,500+,487,Thursday,False,6,12,0,416,71,1,1,0,1
4,0,320,2025-08-16 07:00:00,2025-08-16 17:48:45,2025-08-16 19:24:45,16752,96,301-400,744,Saturday,False,7,17,0,648,96,1,1,1,1
3,0,570,2025-04-19 07:00:00,2025-04-19 14:07:30,2025-04-19 15:29:30,7393,82,500+,509,Saturday,False,7,14,0,427,82,1,1,1,1
0,3,570,2025-09-15 06:00:00,2025-09-15 13:07:30,2025-09-15 13:18:30,19605,11,500+,438,Monday,True,6,13,0,427,11,1,1,0,1
3,2,320,2025-06-18 07:00:00,2025-06-18 11:00:00,2025-06-18 11:30:00,23241,30,301-400,270,Wednesday,True,7,11,0,240,30,1,1,1,1
0,4,320,2025-09-24 08:00:00,2025-09-24 18:48:45,2025-09-24 18:51:45,37334,3,301-400,651,Wednesday,False,8,18,0,648,3,1,1,1,1
3,0,570,2025-08-05 07:00:00,2025-08-05 14:07:30,2025-08-05 15:34:30,3126,87,500+,514,Tuesday,False,7,14,0,427,87,1,1,1,1
1,4,340,2025-07-26 18:00:00,2025-07-26 22:15:00,2025-07-26 23:17:00,34141,62,301-400,317,Saturday,False,18,22,0,255,62,1,1,1,1
3,1,95,2025-01-09 22:00:00,2025-01-09 23:11:15,2025-01-09 23:13:15,6967,2,51-100,73,Thursday,False,22,23,0,71,2,1,0,0,1
3,0,570,2025-03-12 11:00:00,2025-03-12 18:07:30,2025-03-12 18:38:30,37484,31,500+,458,Wednesday,False,11,18,0,427,31,1,1,0,1
3,1,95,2025-05-15 17:00:00,2025-05-15 18:11:15,2025-05-15 19:22:15,29922,71,51-100,142,Thursday,False,17,18,0,71,71,1,0,1,1
0,2,235,2025-01-25 13:00:00,2025-01-25 15:56:15,2025-01-25 17:31:15,5633,95,101-300,271,Saturday,False,13,15,0,176,95,1,2,0,1
1,2,240,2025-04-23 09:00:00,2025-04-23 12:00:00,2025-04-23 13:41:00,21323,101,101-300,281,Wednesday,False,9,12,0,180,101,1,2,1,1
2,4,555,2025-06-12 21:00:00,2025-06-13 03:56:15,2025-06-13 05:24:15,34938,88,500+,504,Thursday,False,21,3,0,416,88,1,1,0,1
2,3,320,2025-12-20 11:00:00,2025-12-20 15:00:00,2025-12-20 16:13:00,31879,73,301-400,313,Saturday,False,11,15,0,240,73,1,1,0,1
3,1,95,2025-03-07 12:00:00,2025-03-07 13:11:15,2025-03-07 14:38:15,21270,87,51-100,158,Friday,False,12,13,0,71,87,1,0,0,1
2,4,555,2025-05-15 14:00:00,2025-05-15 20:56:15,2025-05-15 21:23:15,19807,27,500+,443,Thursday,False,14,20,0,416,27,1,1,0,1
0,2,235,2025-10-18 18:00:00,2025-10-18 20:56:15,2025-10-18 21:31:15,19555,35,101-300,211,Saturday,False,18,20,0,176,35,1,2,1,1
0,3,570,2025-08-31 21:00:00,2025-09-01 04:07:30,2025-09-01 04:52:30,39558,45,500+,472,Sunday,False,21,4,0,427,45,1,1,0,1
4,3,250,2025-04-02 22:00:00,2025-04-03 01:07:30,2025-04-03 02:49:30,28907,102,101-300,289,Wednesday,False,22,1,0,187,102,1,2,0,1
3,4,250,2025-06-24 21:00:00,2025-06-25 00:07:30,2025-06-25 01:23:30,11027,76,101-300,263,Tuesday,False,21,0,0,187,76,1,2,0,1
2,1,240,2025-08-18 10:00:00,2025-08-18 13:00:00,2025-08-18 13:04:00,30318,4,101-300,184,Monday,False,10,13,0,180,4,1,2,0,1
0,3,570,2025-10-02 09:00:00,2025-10-02 16:07:30,2025-10-02 17:28:30,16201,81,500+,508,Thursday,False,9,16,0,427,81,1,1,1,1
4,2,555,2025-06-22 16:00:00,2025-06-22 22:56:15,2025-06-23 00:13:15,15564,77,500+,493,Sunday,False,16,22,0,416,77,1,1,0,1
2,4,555,2025-03-10 15:00:00,2025-03-10 21:56:15,2025-03-10 23:52:15,16864,116,500+,532,Monday,True,15,21,0,416,116,1,1,0,1
3,0,570,2025-02-19 07:00:00,2025-02-19 14:07:30,2025-02-19 14:36:30,3715,29,500+,456,Wednesday,False,7,14,0,427,29,1,1,1,1
1,3,95,2025-01-23 20:00:00,2025-01-23 21:11:15,2025-01-23 21:21:15,28096,10,51-100,81,Thursday,False,20,21,0,71,10,1,0,0,1
1,0,470,2025-12-04 14:00:00,2025-12-04 19:52:30,2025-12-04 20:36:30,17419,44,401-500,396,Thursday,False,14,19,0,352,44,1,1,0,1
2,3,320,2025-04-09 19:00:00,2025-04-09 23:00:00,2025-04-10 00:54:00,10688,114,301-400,354,Wednesday,False,19,23,0,240,114,1,1,1,1
3,4,250,2025-05-13 17:00:00,2025-05-13 20:07:30,2025-05-13 20:28:30,4006,21,101-300,208,Tuesday,False,17,20,0,187,21,1,2,1,1
2,0,235,2025-08-26 12:00:00,2025-08-26 14:56:15,2025-08-26 16:14:15,27594,78,101-300,254,Tuesday,False,12,14,0,176,78,1,2,0,1
4,0,320,2025-06-08 19:00:00,2025-06-09 05:48:45,2025-06-09 05:56:45,34221,8,301-400,656,Sunday,False,19,5,0,648,8,1,1,1,1
2,1,240,2025-05-12 16:00:00,2025-05-12 19:00:00,2025-05-12 19:36:00,19273,36,101-300,216,Monday,False,16,19,0,180,36,1,2,0,1
1,0,470,2025-03-23 18:00:00,2025-03-23 23:52:30,2025-03-24 00:45:30,15250,53,401-500,405,Sunday,False,18,23,0,352,53,1,1,1,1
4,2,555,2025-05-06 09:00:00,2025-05-06 15:56:15,2025-05-06 16:58:15,30962,62,500+,478,Tuesday,False,9,15,0,416,62,1,1,1,1
3,2,320,2025-01-18 12:00:00,2025-01-18 16:00:00,2025-01-18 16:23:00,19315,23,301-400,263,Saturday,False,12,16,0,240,23,1,1,0,1
4,1,340,2025-01-09 08:00:00,2025-01-09 12:15:00,2025-01-09 13:29:00,2955,74,301-400,329,Thursday,False,8,12,0,255,74,1,1,1,1
3,0,570,2025-02-11 14:00:00,2025-02-11 21:07:30,2025-02-11 23:04:30,23522,117,500+,544,Tuesday,False,14,21,0,427,117,1,1,0,1
4,2,555,2025-08-23 15:00:00,2025-08-23 21:56:15,2025-08-23 22:45:15,7262,49,500+,465,Saturday,False,15,21,0,416,49,1,1,0,1
2,1,240,2025-12-04 09:00:00,2025-12-04 12:00:00,2025-12-04 12:24:00,35025,24,101-300,204,Thursday,False,9,12,0,180,24,1,2,1,1
2,3,320,2025-03-12 12:00:00,2025-03-12 16:00:00,2025-03-12 17:53:00,39832,113,301-400,353,Wednesday,False,12,16,0,240,113,1,1,0,1
3,2,320,2025-07-22 08:00:00,2025-07-22 12:00:00,2025-07-22 12:36:00,19255,36,301-400,276,Tuesday,False,8,12,0,240,36,1,1,1,1
3,0,570,2025-08-28 14:00:00,2025-08-28 21:07:30,2025-08-28 22:59:30,21324,112,500+,539,Thursday,False,14,21,0,427,112,1,1,0,1
3,0,570,2025-02-15 19:00:00,2025-02-16 02:07:30,2025-02-16 03:37:30,16413,90,500+,517,Saturday,False,19,2,0,427,90,1,1,1,1
4,0,320,2025-08-08 15:00:00,2025-08-09 01:48:45,2025-08-09 03:12:45,39865,84,301-400,732,Friday,False,15,1,0,648,84,1,1,0,1
3,2,320,2025-04-27 15:00:00,2025-04-27 19:00:00,2025-04-27 20:13:00,26558,73,301-400,313,Sunday,False,15,19,0,240,73,1,1,0,1
0,2,235,2025-10-05 17:00:00,2025-10-05 19:56:15,2025-10-05 20:28:15,24642,32,101-300,208,Sunday,False,17,19,0,176,32,1,2,1,1
3,1,95,2025-01-19 12:00:00,2025-01-19 13:11:15,2025-01-19 14:24:15,37555,73,51-100,144,Sunday,False,12,13,0,71,73,1,0,0,1
2,0,235,2025-07-15 11:00:00,2025-07-15 13:56:15,2025-07-15 14:30:15,13869,34,101-300,210,Tuesday,False,11,13,0,176,34,1,2,0,1
4,3,250,2025-12-04 19:00:00,2025-12-04 22:07:30,2025-12-04 22:12:30,30320,5,101-300,192,Thursday,False,19,22,0,187,5,1,2,1,1
2,1,240,2025-12-30 06:00:00,2025-12-30 09:00:00,2025-12-30 10:41:00,33795,101,101-300,281,Tuesday,False,6,9,0,180,101,1,2,0,1
1,4,340,2025-06-08 13:00:00,2025-06-08 17:15:00,2025-06-08 17:31:00,12252,16,301-400,271,Sunday,False,13,17,0,255,16,1,1,0,1
1,0,470,2025-09-16 15:00:00,2025-09-16 20:52:30,2025-09-16 22:21:30,38800,89,401-500,441,Tuesday,False,15,20,0,352,89,1,1,0,1
3,2,320,2025-08-07 11:00:00,2025-08-07 15:00:00,2025-08-07 17:00:00,20660,120,301-400,360,Thursday,False,11,15,0,240,120,1,1,0,1
4,3,250,2025-09-29 21:00:00,2025-09-30 00:07:30,2025-09-30 00:11:30,16747,4,101-300,191,Monday,False,21,0,0,187,4,1,2,0,1
2,3,320,2025-02-04 22:00:00,2025-02-05 02:00:00,2025-02-05 02:18:00,8679,18,301-400,258,Tuesday,False,22,2,0,240,18,1,1,0,1
2,3,320,2025-04-19 09:00:00,2025-04-19 13:00:00,2025-04-19 14:32:00,23245,92,301-400,332,Saturday,False,9,13,0,240,92,1,1,1,1
2,3,320,2025-01-09 11:00:00,2025-01-09 15:00:00,2025-01-09 16:49:00,15882,109,301-400,349,Thursday,False,11,15,0,240,109,1,1,0,1
3,0,570,2025-06-05 19:00:00,2025-06-06 02:07:30,2025-06-06 03:53:30,31067,106,500+,533,Thursday,False,19,2,0,427,106,1,1,1,1
3,4,250,2025-01-23 15:00:00,2025-01-23 18:07:30,2025-01-23 18:39:30,5091,32,101-300,219,Thursday,False,15,18,0,187,32,1,2,0,1
0,4,320,2025-09-06 12:00:00,2025-09-06 22:48:45,2025-09-06 22:53:45,13328,5,301-400,653,Saturday,False,12,22,0,648,5,1,1,0,1
0,4,320,2025-09-24 20:00:00,2025-09-25 06:48:45,2025-09-25 08:41:45,32414,113,301-400,761,Wednesday,False,20,6,0,648,113,1,1,0,1
0,2,235,2025-12-28 12:00:00,2025-12-28 14:56:15,2025-12-28 16:28:15,14876,92,101-300,268,Sunday,False,12,14,0,176,92,1,2,0,1
4,0,320,2025-11-21 13:00:00,2025-11-21 23:48:45,2025-11-22 01:16:45,35102,88,301-400,736,Friday,False,13,23,0,648,88,1,1,0,1
1,2,240,2025-02-18 20:00:00,2025-02-18 23:00:00,2025-02-19 00:04:00,5473,64,101-300,244,Tuesday,False,20,23,0,180,64,1,2,0,1
0,3,570,2025-05-14 10:00:00,2025-05-14 17:07:30,2025-05-14 19:06:30,35322,119,500+,546,Wednesday,False,10,17,0,427,119,1,1,0,1
4,0,320,2025-10-09 20:00:00,2025-10-10 06:48:45,2025-10-10 07:53:45,9480,65,301-400,713,Thursday,False,20,6,0,648,65,1,1,0,1
3,1,95,2025-08-21 18:00:00,2025-08-21 19:11:15,2025-08-21 19:44:15,12672,33,51-100,104,Thursday,False,18,19,0,71,33,1,0,1,1
4,1,340,2025-10-23 08:00:00,2025-10-23 12:15:00,2025-10-23 13:13:00,18557,58,301-400,313,Thursday,False,8,12,0,255,58,1,1,1,1
3,4,250,2025-10-29 19:00:00,2025-10-29 22:07:30,2025-10-29 23:50:30,28159,103,101-300,290,Wednesday,False,19,22,0,187,103,1,2,1,1
1,4,340,2025-04-23 18:00:00,2025-04-23 22:15:00,2025-04-24 00:00:00,23779,105,301-400,360,Wednesday,False,18,22,0,255,105,1,1,1,1
4,1,340,2025-08-07 17:00:00,2025-08-07 21:15:00,2025-08-07 22:55:00,8740,100,301-400,355,Thursday,False,17,21,0,255,100,1,1,1,1
2,4,555,2025-04-28 07:00:00,2025-04-28 13:56:15,2025-04-28 15:18:15,25087,82,500+,498,Monday,False,7,13,0,416,82,1,1,1,1
2,4,555,2025-03-28 12:00:00,2025-03-28 18:56:15,2025-03-28 19:55:15,16003,59,500+,475,Friday,False,12,18,0,416,59,1,1,0,1
2,0,235,2025-04-16 22:00:00,2025-04-17 00:56:15,2025-04-17 02:47:15,2035,111,101-300,287,Wednesday,False,22,0,0,176,111,1,2,0,1
4,3,250,2025-01-25 15:00:00,2025-01-25 18:07:30,2025-01-25 19:16:30,23450,69,101-300,256,Saturday,False,15,18,0,187,69,1,2,0,1
2,4,555,2025-03-11 10:00:00,2025-03-11 16:56:15,2025-03-11 17:37:15,32800,41,500+,457,Tuesday,False,10,16,0,416,41,1,1,0,1
0,4,320,2025-09-29 18:00:00,2025-09-30 04:48:45,2025-09-30 05:45:45,30419,57,301-400,705,Monday,False,18,4,0,648,57,1,1,1,1
2,0,235,2025-07-09 22:00:00,2025-07-10 00:56:15,2025-07-10 01:17:15,13372,21,101-300,197,Wednesday,False,22,0,0,176,21,1,2,0,1
0,1,470,2025-10-23 08:00:00,2025-10-23 13:52:30,2025-10-23 13:58:30,12396,6,401-500,358,Thursday,False,8,13,0,352,6,1,1,1,1
4,2,555,2025-03-24 07:00:00,2025-03-24 13:56:15,2025-03-24 15:22:15,3392,86,500+,502,Monday,False,7,13,0,416,86,1,1,1,1
1,4,340,2025-05-15 15:00:00,2025-05-15 19:15:00,2025-05-15 20:32:00,32470,77,301-400,332,Thursday,False,15,19,0,255,77,1,1,0,1
4,1,340,2025-01-28 10:00:00,2025-01-28 14:15:00,2025-01-28 15:16:00,16677,61,301-400,316,Tuesday,False,10,14,0,255,61,1,1,0,1
3,4,250,2025-10-18 12:00:00,2025-10-18 15:07:30,2025-10-18 15:23:30,7548,16,101-300,203,Saturday,False,12,15,0,187,16,1,2,0,1
0,3,570,2025-10-17 22:00:00,2025-10-18 05:07:30,2025-10-18 05:50:30,20636,43,500+,470,Friday,False,22,5,0,427,43,1,1,0,1
4,0,320,2025-12-31 18:00:00,2026-01-01 04:48:45,2026-01-01 04:50:45,24937,2,301-400,650,Wednesday,True,18,4,0,648,2,1,1,1,1
1,0,470,2025-07-05 08:00:00,2025-07-05 13:52:30,2025-07-05 14:02:30,5289,10,401-500,362,Saturday,False,8,13,0,352,10,1,1,1,1
0,2,235,2025-11-17 19:00:00,2025-11-17 21:56:15,2025-11-17 23:09:15,23498,73,101-300,249,Monday,False,19,21,0,176,73,1,2,1,1
2,3,320,2025-03-04 10:00:00,2025-03-04 14:00:00,2025-03-04 15:51:00,12201,111,301-400,351,Tuesday,False,10,14,0,240,111,1,1,0,1
0,3,570,2025-08-15 11:00:00,2025-08-15 18:07:30,2025-08-15 18:21:30,32484,14,500+,441,Friday,False,11,18,0,427,14,1,1,0,1
4,0,320,2025-04-15 14:00:00,2025-04-16 00:48:45,2025-04-16 02:12:45,10125,84,301-400,732,Tuesday,False,14,0,0,648,84,1,1,0,1
0,2,235,2025-11-25 13:00:00,2025-11-25 15:56:15,2025-11-25 17:27:15,31443,91,101-300,267,Tuesday,False,13,15,0,176,91,1,2,0,1
0,2,235,2025-06-19 15:00:00,2025-06-19 17:56:15,2025-06-19 19:51:15,32139,115,101-300,291,Thursday,False,15,17,0,176,115,1,2,0,1
3,2,320,2025-04-11 07:00:00,2025-04-11 11:00:00,2025-04-11 12:31:00,19310,91,301-400,331,Friday,False,7,11,0,240,91,1,1,1,1
0,1,470,2025-01-12 21:00:00,2025-01-13 02:52:30,2025-01-13 04:35:30,30118,103,401-500,455,Sunday,False,21,2,0,352,103,1,1,0,1
0,3,570,2025-08-17 07:00:00,2025-08-17 14:07:30,2025-08-17 14:55:30,12174,48,500+,475,Sunday,False,7,14,0,427,48,1,1,1,1
1,3,95,2025-12-17 17:00:00,2025-12-17 18:11:15,2025-12-17 18:38:15,7401,27,51-100,98,Wednesday,False,17,18,0,71,27,1,0,1,1
4,3,250,2025-08-29 08:00:00,2025-08-29 11:07:30,2025-08-29 11:59:30,11863,52,101-300,239,Friday,False,8,11,0,187,52,1,2,1,1
0,3,570,2025-10-15 10:00:00,2025-10-15 17:07:30,2025-10-15 17:23:30,7283,16,500+,443,Wednesday,False,10,17,0,427,16,1,1,0,1
3,2,320,2025-02-11 12:00:00,2025-02-11 16:00:00,2025-02-11 16:04:00,13660,4,301-400,244,Tuesday,False,12,16,0,240,4,1,1,0,1
3,4,250,2025-11-30 13:00:00,2025-11-30 16:07:30,2025-11-30 17:00:30,31410,53,101-300,240,Sunday,False,13,16,0,187,53,1,2,0,1
1,4,340,2025-06-12 12:00:00,2025-06-12 16:15:00,2025-06-12 16:25:00,9530,10,301-400,265,Thursday,False,12,16,0,255,10,1,1,0,1
2,4,555,2025-10-08 12:00:00,2025-10-08 18:56:15,2025-10-08 19:47:15,17959,51,500+,467,Wednesday,False,12,18,0,416,51,1,1,0,1
3,0,570,2025-12-19 08:00:00,2025-12-19 15:07:30,2025-12-19 16:07:30,28695,60,500+,487,Friday,False,8,15,0,427,60,1,1,1,1
0,4,320,2025-05-19 18:00:00,2025-05-20 04:48:45,2025-05-20 06:22:45,21346,94,301-400,742,Monday,False,18,4,0,648,94,1,1,1,1
0,2,235,2025-08-07 16:00:00,2025-08-07 18:56:15,2025-08-07 19:48:15,27274,52,101-300,228,Thursday,False,16,18,0,176,52,1,2,0,1
1,3,95,2025-06-10 11:00:00,2025-06-10 12:11:15,2025-06-10 13:50:15,27189,99,51-100,170,Tuesday,False,11,12,0,71,99,1,0,0,1
2,4,555,2025-07-17 19:00:00,2025-07-18 01:56:15,2025-07-18 03:51:15,6579,115,500+,531,Thursday,False,19,1,0,416,115,1,1,1,1
1,4,340,2025-08-30 22:00:00,2025-08-31 02:15:00,2025-08-31 02:21:00,5094,6,301-400,261,Saturday,False,22,2,0,255,6,1,1,0,1
2,4,555,2025-07-31 13:00:00,2025-07-31 19:56:15,2025-07-31 20:48:15,2745,52,500+,468,Thursday,False,13,19,0,416,52,1,1,0,1
3,4,250,2025-12-06 08:00:00,2025-12-06 11:07:30,2025-12-06 12:06:30,22587,59,101-300,246,Saturday,False,8,11,0,187,59,1,2,1,1
3,1,95,2025-04-14 11:00:00,2025-04-14 12:11:15,2025-04-14 14:00:15,12431,109,51-100,180,Monday,False,11,12,0,71,109,1,0,0,1
1,0,470,2025-07-10 11:00:00,2025-07-10 16:52:30,2025-07-10 17:17:30,22521,25,401-500,377,Thursday,False,11,16,0,352,25,1,1,0,1
1,0,470,2025-12-19 11:00:00,2025-12-19 16:52:30,2025-12-19 18:44:30,7884,112,401-500,464,Friday,False,11,16,0,352,112,1,1,0,1
0,1,470,2025-12-05 10:00:00,2025-12-05 15:52:30,2025-12-05 16:42:30,22499,50,401-500,402,Friday,False,10,15,0,352,50,1,1,0,1
0,2,235,2025-02-18 12:00:00,2025-02-18 14:56:15,2025-02-18 16:44:15,33362,108,101-300,284,Tuesday,False,12,14,0,176,108,1,2,0,1
2,3,320,2025-04-11 11:00:00,2025-04-11 15:00:00,2025-04-11 16:56:00,10265,116,301-400,356,Friday,False,11,15,0,240,116,1,1,0,1
3,4,250,2025-01-03 13:00:00,2025-01-03 16:07:30,2025-01-03 17:37:30,27100,90,101-300,277,Friday,False,13,16,0,187,90,1,2,0,1
2,1,240,2025-04-04 09:00:00,2025-04-04 12:00:00,2025-04-04 12:05:00,26512,5,101-300,185,Friday,False,9,12,0,180,5,1,2,1,1
3,2,320,2025-06-16 19:00:00,2025-06-16 23:00:00,2025-06-16 23:28:00,38889,28,301-400,268,Monday,False,19,23,0,240,28,1,1,1,1
4,1,340,2025-08-10 13:00:00,2025-08-10 17:15:00,2025-08-10 17:45:00,22330,30,301-400,285,Sunday,False,13,17,0,255,30,1,1,0,1
4,0,320,2025-09-25 09:00:00,2025-09-25 19:48:45,2025-09-25 20:34:45,16772,46,301-400,694,Thursday,False,9,19,0,648,46,1,1,1,1
4,3,250,2025-05-31 17:00:00,2025-05-31 20:07:30,2025-05-31 20:29:30,4089,22,101-300,209,Saturday,False,17,20,0,187,22,1,2,1,1
3,1,95,2025-01-08 14:00:00,2025-01-08 15:11:15,2025-01-08 16:49:15,27809,98,51-100,169,Wednesday,False,14,15,0,71,98,1,0,0,1
0,4,320,2025-02-22 15:00:00,2025-02-23 01:48:45,2025-02-23 03:04:45,37297,76,301-400,724,Saturday,False,15,1,0,648,76,1,1,0,1
0,3,570,2025-11-06 11:00:00,2025-11-06 18:07:30,2025-11-06 19:34:30,33941,87,500+,514,Thursday,True,11,18,0,427,87,1,1,0,1
4,3,250,2025-07-24 08:00:00,2025-07-24 11:07:30,2025-07-24 11:15:30,31607,8,101-300,195,Thursday,False,8,11,0,187,8,1,2,1,1
2,1,240,2025-04-23 09:00:00,2025-04-23 12:00:00,2025-04-23 12:26:00,9395,26,101-300,206,Wednesday,False,9,12,0,180,26,1,2,1,1
2,1,240,2025-10-03 15:00:00,2025-10-03 18:00:00,2025-10-03 18:05:00,33612,5,101-300,185,Friday,False,15,18,0,180,5,1,2,0,1
3,2,320,2025-04-18 17:00:00,2025-04-18 21:00:00,2025-04-18 21:18:00,30266,18,301-400,258,Friday,False,17,21,0,240,18,1,1,1,1
1,2,240,2025-06-22 18:00:00,2025-06-22 21:00:00,2025-06-22 22:53:00,10787,113,101-300,293,Sunday,False,18,21,0,180,113,1,2,1,1
3,4,250,2025-09-11 13:00:00,2025-09-11 16:07:30,2025-09-11 18:00:30,24257,113,101-300,300,Thursday,False,13,16,0,187,113,1,2,0,1
0,4,320,2025-06-10 15:00:00,2025-06-11 01:48:45,2025-06-11 03:10:45,22644,82,301-400,730,Tuesday,False,15,1,0,648,82,1,1,0,1
3,0,570,2025-07-25 18:00:00,2025-07-26 01:07:30,2025-07-26 02:33:30,3829,86,500+,513,Friday,False,18,1,0,427,86,1,1,1,1
1,0,470,2025-11-23 12:00:00,2025-11-23 17:52:30,2025-11-23 18:04:30,35046,12,401-500,364,Sunday,False,12,17,0,352,12,1,1,0,1
1,4,340,2025-06-08 11:00:00,2025-06-08 15:15:00,2025-06-08 15:56:00,27077,41,301-400,296,Sunday,False,11,15,0,255,41,1,1,0,1
3,0,570,2025-08-21 19:00:00,2025-08-22 02:07:30,2025-08-22 03:11:30,34382,64,500+,491,Thursday,False,19,2,0,427,64,1,1,1,1
0,2,235,2025-06-27 06:00:00,2025-06-27 08:56:15,2025-06-27 09:55:15,25595,59,101-300,235,Friday,False,6,8,0,176,59,1,2,0,1
1,0,470,2025-01-13 08:00:00,2025-01-13 13:52:30,2025-01-13 13:53:30,21657,1,401-500,353,Monday,False,8,13,0,352,1,1,1,1,1
0,4,320,2025-07-27 17:00:00,2025-07-28 03:48:45,2025-07-28 05:07:45,17923,79,301-400,727,Sunday,False,17,3,0,648,79,1,1,1,1
4,0,320,2025-11-08 07:00:00,2025-11-08 17:48:45,2025-11-08 19:05:45,35462,77,301-400,725,Saturday,False,7,17,0,648,77,1,1,1,1
0,4,320,2025-07-20 22:00:00,2025-07-21 08:48:45,2025-07-21 09:55:45,9607,67,301-400,715,Sunday,False,22,8,0,648,67,1,1,0,1
3,4,250,2025-02-05 10:00:00,2025-02-05 13:07:30,2025-02-05 13:10:30,32204,3,101-300,190,Wednesday,False,10,13,0,187,3,1,2,0,1
2,4,555,2025-05-25 13:00:00,2025-05-25 19:56:15,2025-05-25 21:24:15,24175,88,500+,504,Sunday,False,13,19,0,416,88,1,1,0,1
4,2,555,2025-12-29 07:00:00,2025-12-29 13:56:15,2025-12-29 14:59:15,31398,63,500+,479,Monday,False,7,13,0,416,63,1,1,1,1
1,2,240,2025-07-26 10:00:00,2025-07-26 13:00:00,2025-07-26 14:33:00,2346,93,101-300,273,Saturday,False,10,13,0,180,93,1,2,0,1
1,2,240,2025-08-14 17:00:00,2025-08-14 20:00:00,2025-08-14 20:48:00,5667,48,101-300,228,Thursday,True,17,20,0,180,48,1,2,1,1
3,4,250,2025-12-11 09:00:00,2025-12-11 12:07:30,2025-12-11 12:51:30,26077,44,101-300,231,Thursday,False,9,12,0,187,44,1,2,1,1
0,4,320,2025-03-19 21:00:00,2025-03-20 07:48:45,2025-03-20 09:32:45,6168,104,301-400,752,Wednesday,False,21,7,0,648,104,1,1,0,1
2,1,240,2025-10-09 16:00:00,2025-10-09 19:00:00,2025-10-09 19:17:00,19204,17,101-300,197,Thursday,False,16,19,0,180,17,1,2,0,1
3,4,250,2025-06-01 15:00:00,2025-06-01 18:07:30,2025-06-01 19:33:30,23392,86,101-300,273,Sunday,False,15,18,0,187,86,1,2,0,1
4,1,340,2025-05-15 10:00:00,2025-05-15 14:15:00,2025-05-15 14:15:00,39912,0,301-400,255,Thursday,False,10,14,0,255,0,0,1,0,0
1,4,340,2025-03-01 08:00:00,2025-03-01 12:15:00,2025-03-01 12:53:00,3051,38,301-400,293,Saturday,False,8,12,0,255,38,1,1,1,1
3,4,250,2025-04-28 13:00:00,2025-04-28 16:07:30,2025-04-28 16:09:30,19476,2,101-300,189,Monday,False,13,16,0,187,2,1,2,0,1
3,4,250,2025-02-04 20:00:00,2025-02-04 23:07:30,2025-02-05 00:24:30,6952,77,101-300,264,Tuesday,False,20,23,0,187,77,1,2,0,1
1,0,470,2025-01-28 06:00:00,2025-01-28 11:52:30,2025-01-28 12:30:30,5823,38,401-500,390,Tuesday,False,6,11,0,352,38,1,1,0,1
0,4,320,2025-10-25 07:00:00,2025-10-25 17:48:45,2025-10-25 18:18:45,36059,30,301-400,678,Saturday,False,7,17,0,648,30,1,1,1,1
3,2,320,2025-02-17 18:00:00,2025-02-17 22:00:00,2025-02-17 22:59:00,37228,59,301-400,299,Monday,False,18,22,0,240,59,1,1,1,1
3,2,320,2025-09-27 17:00:00,2025-09-27 21:00:00,2025-09-27 22:01:00,15494,61,301-400,301,Saturday,False,17,21,0,240,61,1,1,1,1
3,1,95,2025-12-01 18:00:00,2025-12-01 19:11:15,2025-12-01 20:16:15,28027,65,51-100,136,Monday,False,18,19,0,71,65,1,0,1,1
1,3,95,2025-07-31 16:00:00,2025-07-31 17:11:15,2025-07-31 17:12:15,5070,1,51-100,72,Thursday,False,16,17,0,71,1,1,0,0,1
2,0,235,2025-08-09 11:00:00,2025-08-09 13:56:15,2025-08-09 13:57:15,17802,1,101-300,177,Saturday,False,11,13,0,176,1,1,2,0,1
3,0,570,2025-07-21 15:00:00,2025-07-21 22:07:30,2025-07-21 22:48:30,8149,41,500+,468,Monday,False,15,22,0,427,41,1,1,0,1
1,2,240,2025-01-19 14:00:00,2025-01-19 17:00:00,2025-01-19 18:14:00,12195,74,101-300,254,Sunday,False,14,17,0,180,74,1,2,0,1
3,0,570,2025-05-24 18:00:00,2025-05-25 01:07:30,2025-05-25 02:07:30,14317,60,500+,487,Saturday,False,18,1,0,427,60,1,1,1,1
4,1,340,2025-01-10 08:00:00,2025-01-10 12:15:00,2025-01-10 14:04:00,22713,109,301-400,364,Friday,False,8,12,0,255,109,1,1,1,1
0,4,320,2025-01-24 10:00:00,2025-01-24 20:48:45,2025-01-24 21:32:45,30887,44,301-400,692,Friday,False,10,20,0,648,44,1,1,0,1
0,1,470,2025-01-18 12:00:00,2025-01-18 17:52:30,2025-01-18 18:59:30,38370,67,401-500,419,Saturday,False,12,17,0,352,67,1,1,0,1
4,1,340,2025-03-24 19:00:00,2025-03-24 23:15:00,2025-03-25 00:44:00,14451,89,301-400,344,Monday,False,19,23,0,255,89,1,1,1,1
1,0,470,2025-10-21 10:00:00,2025-10-21 15:52:30,2025-10-21 16:38:30,25926,46,401-500,398,Tuesday,False,10,15,0,352,46,1,1,0,1
0,4,320,2025-03-31 20:00:00,2025-04-01 06:48:45,2025-04-01 07:24:45,3170,36,301-400,684,Monday,False,20,6,0,648,36,1,1,0,1
0,3,570,2025-08-09 13:00:00,2025-08-09 20:07:30,2025-08-09 20:43:30,7970,36,500+,463,Saturday,False,13,20,0,427,36,1,1,0,1
3,0,570,2025-08-30 08:00:00,2025-08-30 15:07:30,2025-08-30 16:30:30,18413,83,500+,510,Saturday,False,8,15,0,427,83,1,1,1,1
4,2,555,2025-07-31 20:00:00,2025-08-01 02:56:15,2025-08-01 03:24:15,27959,28,500+,444,Thursday,False,20,2,0,416,28,1,1,0,1
2,1,240,2025-04-22 17:00:00,2025-04-22 20:00:00,2025-04-22 21:25:00,31068,85,101-300,265,Tuesday,False,17,20,0,180,85,1,2,1,1
2,3,320,2025-04-06 15:00:00,2025-04-06 19:00:00,2025-04-06 20:54:00,27536,114,301-400,354,Sunday,False,15,19,0,240,114,1,1,0,1
2,0,235,2025-10-13 19:00:00,2025-10-13 21:56:15,2025-10-13 23:00:15,5180,64,101-300,240,Monday,False,19,21,0,176,64,1,2,1,1
1,2,240,2025-11-11 20:00:00,2025-11-11 23:00:00,2025-11-12 00:41:00,14069,101,101-300,281,Tuesday,False,20,23,0,180,101,1,2,0,1
2,4,555,2025-10-24 09:00:00,2025-10-24 15:56:15,2025-10-24 16:26:15,7947,30,500+,446,Friday,False,9,15,0,416,30,1,1,1,1
1,4,340,2025-04-05 18:00:00,2025-04-05 22:15:00,2025-04-05 23:17:00,31324,62,301-400,317,Saturday,False,18,22,0,255,62,1,1,1,1
4,0,320,2025-02-23 08:00:00,2025-02-23 18:48:45,2025-02-23 20:20:45,6868,92,301-400,740,Sunday,False,8,18,0,648,92,1,1,1,1
4,1,340,2025-05-23 18:00:00,2025-05-23 22:15:00,2025-05-23 23:44:00,30981,89,301-400,344,Friday,False,18,22,0,255,89,1,1,1,1
0,4,320,2025-09-30 15:00:00,2025-10-01 01:48:45,2025-10-01 01:57:45,11597,9,301-400,657,Tuesday,False,15,1,0,648,9,1,1,0,1
1,2,240,2025-05-23 20:00:00,2025-05-23 23:00:00,2025-05-23 23:51:00,37019,51,101-300,231,Friday,False,20,23,0,180,51,1,2,0,1
2,3,320,2025-01-30 19:00:00,2025-01-30 23:00:00,2025-01-31 00:06:00,9390,66,301-400,306,Thursday,False,19,23,0,240,66,1,1,1,1
1,0,470,2025-07-24 18:00:00,2025-07-24 23:52:30,2025-07-25 01:39:30,14375,107,401-500,459,Thursday,False,18,23,0,352,107,1,1,1,1
2,4,555,2025-06-13 15:00:00,2025-06-13 21:56:15,2025-06-13 22:15:15,11077,19,500+,435,Friday,False,15,21,0,416,19,1,1,0,1
0,4,320,2025-01-22 09:00:00,2025-01-22 19:48:45,2025-01-22 19:53:45,35938,5,301-400,653,Wednesday,False,9,19,0,648,5,1,1,1,1
1,4,340,2025-03-28 09:00:00,2025-03-28 13:15:00,2025-03-28 14:02:00,18497,47,301-400,302,Friday,False,9,13,0,255,47,1,1,1,1
3,0,570,2025-06-13 10:00:00,2025-06-13 17:07:30,2025-06-13 18:22:30,12280,75,500+,502,Friday,False,10,17,0,427,75,1,1,0,1
3,1,95,2025-11-13 18:00:00,2025-11-13 19:11:15,2025-11-13 20:06:15,25419,55,51-100,126,Thursday,False,18,19,0,71,55,1,0,1,1
1,2,240,2025-11-03 17:00:00,2025-11-03 20:00:00,2025-11-03 21:47:00,9279,107,101-300,287,Monday,False,17,20,0,180,107,1,2,1,1
0,1,470,2025-09-09 17:00:00,2025-09-09 22:52:30,2025-09-09 23:00:30,21858,8,401-500,360,Tuesday,False,17,22,0,352,8,1,1,1,1
0,2,235,2025-04-18 11:00:00,2025-04-18 13:56:15,2025-04-18 14:08:15,9286,12,101-300,188,Friday,False,11,13,0,176,12,1,2,0,1
2,1,240,2025-03-25 07:00:00,2025-03-25 10:00:00,2025-03-25 11:09:00,38597,69,101-300,249,Tuesday,False,7,10,0,180,69,1,2,1,1
4,2,555,2025-02-07 18:00:00,2025-02-08 00:56:15,2025-02-08 01:45:15,2166,49,500+,465,Friday,False,18,0,0,416,49,1,1,1,1
0,4,320,2025-05-28 08:00:00,2025-05-28 18:48:45,2025-05-28 20:13:45,6937,85,301-400,733,Wednesday,False,8,18,0,648,85,1,1,1,1
2,0,235,2025-03-30 20:00:00,2025-03-30 22:56:15,2025-03-31 00:19:15,31421,83,101-300,259,Sunday,False,20,22,0,176,83,1,2,0,1
2,3,320,2025-04-30 16:00:00,2025-04-30 20:00:00,2025-04-30 20:38:00,9344,38,301-400,278,Wednesday,False,16,20,0,240,38,1,1,0,1
3,1,95,2025-01-31 18:00:00,2025-01-31 19:11:15,2025-01-31 19:42:15,20646,31,51-100,102,Friday,False,18,19,0,71,31,1,0,1,1
1,4,340,2025-02-13 12:00:00,2025-02-13 16:15:00,2025-02-13 16:41:00,14460,26,301-400,281,Thursday,False,12,16,0,255,26,1,1,0,1
3,1,95,2025-09-21 10:00:00,2025-09-21 11:11:15,2025-09-21 12:26:15,17043,75,51-100,146,Sunday,False,10,11,0,71,75,1,0,0,1
1,3,95,2025-11-15 10:00:00,2025-11-15 11:11:15,2025-11-15 11:12:15,12923,1,51-100,72,Saturday,False,10,11,0,71,1,1,0,0,1
2,3,320,2025-08-22 11:00:00,2025-08-22 15:00:00,2025-08-22 16:08:00,17071,68,301-400,308,Friday,False,11,15,0,240,68,1,1,0,1
0,3,570,2025-08-02 18:00:00,2025-08-03 01:07:30,2025-08-03 01:33:30,36615,26,500+,453,Saturday,False,18,1,0,427,26,1,1,1,1
3,2,320,2025-06-18 21:00:00,2025-06-19 01:00:00,2025-06-19 02:30:00,35717,90,301-400,330,Wednesday,True,21,1,0,240,90,1,1,0,1
4,2,555,2025-11-07 13:00:00,2025-11-07 19:56:15,2025-11-07 20:11:15,28010,15,500+,431,Friday,False,13,19,0,416,15,1,1,0,1
4,3,250,2025-02-16 16:00:00,2025-02-16 19:07:30,2025-02-16 19:41:30,38584,34,101-300,221,Sunday,False,16,19,0,187,34,1,2,0,1
2,0,235,2025-12-14 20:00:00,2025-12-14 22:56:15,2025-12-15 00:25:15,30621,89,101-300,265,Sunday,False,20,22,0,176,89,1,2,0,1
1,4,340,2025-12-31 12:00:00,2025-12-31 16:15:00,2025-12-31 16:38:00,23655,23,301-400,278,Wednesday,True,12,16,0,255,23,1,1,0,1
1,2,240,2025-06-08 09:00:00,2025-06-08 12:00:00,2025-06-08 12:11:00,18042,11,101-300,191,Sunday,False,9,12,0,180,11,1,2,1,1
1,0,470,2025-06-13 12:00:00,2025-06-13 17:52:30,2025-06-13 18:52:30,4429,60,401-500,412,Friday,False,12,17,0,352,60,1,1,0,1
3,2,320,2025-09-14 20:00:00,2025-09-15 00:00:00,2025-09-15 00:15:00,3127,15,301-400,255,Sunday,False,20,0,0,240,15,1,1,0,1
4,0,320,2025-09-24 22:00:00,2025-09-25 08:48:45,2025-09-25 10:26:45,30592,98,301-400,746,Wednesday,False,22,8,0,648,98,1,1,0,1
3,1,95,2025-02-27 20:00:00,2025-02-27 21:11:15,2025-02-27 22:11:15,32325,60,51-100,131,Thursday,False,20,21,0,71,60,1,0,0,1
2,1,240,2025-10-16 09:00:00,2025-10-16 12:00:00,2025-10-16 12:17:00,31279,17,101-300,197,Thursday,False,9,12,0,180,17,1,2,1,1
3,2,320,2025-11-19 07:00:00,2025-11-19 11:00:00,2025-11-19 11:29:00,20889,29,301-400,269,Wednesday,False,7,11,0,240,29,1,1,1,1
4,3,250,2025-04-29 19:00:00,2025-04-29 22:07:30,2025-04-29 23:29:30,37908,82,101-300,269,Tuesday,False,19,22,0,187,82,1,2,1,1
3,4,250,2025-07-26 18:00:00,2025-07-26 21:07:30,2025-07-26 21:52:30,25972,45,101-300,232,Saturday,False,18,21,0,187,45,1,2,1,1
1,0,470,2025-08-07 12:00:00,2025-08-07 17:52:30,2025-08-07 18:22:30,12230,30,401-500,382,Thursday,False,12,17,0,352,30,1,1,0,1
1,2,240,2025-04-17 15:00:00,2025-04-17 18:00:00,2025-04-17 18:41:00,9319,41,101-300,221,Thursday,False,15,18,0,180,41,1,2,0,1
1,3,95,2025-10-20 06:00:00,2025-10-20 07:11:15,2025-10-20 07:16:15,14254,5,51-100,76,Monday,False,6,7,0,71,5,1,0,0,1
3,1,95,2025-06-05 15:00:00,2025-06-05 16:11:15,2025-06-05 17:55:15,15506,104,51-100,175,Thursday,False,15,16,0,71,104,1,0,0,1
1,3,95,2025-03-22 18:00:00,2025-03-22 19:11:15,2025-03-22 20:07:15,29798,56,51-100,127,Saturday,False,18,19,0,71,56,1,0,1,1
4,3,250,2025-03-29 14:00:00,2025-03-29 17:07:30,2025-03-29 18:56:30,30164,109,101-300,296,Saturday,False,14,17,0,187,109,1,2,0,1
2,4,555,2025-12-06 14:00:00,2025-12-06 20:56:15,2025-12-06 21:22:15,37791,26,500+,442,Saturday,False,14,20,0,416,26,1,1,0,1
0,3,570,2025-01-24 06:00:00,2025-01-24 13:07:30,2025-01-24 14:27:30,10909,80,500+,507,Friday,False,6,13,0,427,80,1,1,0,1
4,3,250,2025-11-06 18:00:00,2025-11-06 21:07:30,2025-11-06 21:37:30,13091,30,101-300,217,Thursday,True,18,21,0,187,30,1,2,1,1
2,1,240,2025-03-25 15:00:00,2025-03-25 18:00:00,2025-03-25 19:32:00,14177,92,101-300,272,Tuesday,False,15,18,0,180,92,1,2,0,1
0,4,320,2025-12-15 19:00:00,2025-12-16 05:48:45,2025-12-16 07:27:45,10474,99,301-400,747,Monday,False,19,5,0,648,99,1,1,1,1
3,4,250,2025-12-16 09:00:00,2025-12-16 12:07:30,2025-12-16 12:24:30,25064,17,101-300,204,Tuesday,False,9,12,0,187,17,1,2,1,1
4,1,340,2025-10-15 18:00:00,2025-10-15 22:15:00,2025-10-15 23:28:00,13089,73,301-400,328,Wednesday,False,18,22,0,255,73,1,1,1,1
3,0,570,2025-10-29 11:00:00,2025-10-29 18:07:30,2025-10-29 19:39:30,20224,92,500+,519,Wednesday,False,11,18,0,427,92,1,1,0,1
1,2,240,2025-04-06 19:00:00,2025-04-06 22:00:00,2025-04-06 23:27:00,4929,87,101-300,267,Sunday,False,19,22,0,180,87,1,2,1,1
3,4,250,2025-12-27 19:00:00,2025-12-27 22:07:30,2025-12-27 23:00:30,38711,53,101-300,240,Saturday,False,19,22,0,187,53,1,2,1,1
3,0,570,2025-11-06 20:00:00,2025-11-07 03:07:30,2025-11-07 03:45:30,10569,38,500+,465,Thursday,True,20,3,0,427,38,1,1,0,1
2,1,240,2025-06-02 08:00:00,2025-06-02 11:00:00,2025-06-02 12:54:00,30356,114,101-300,294,Monday,False,8,11,0,180,114,1,2,1,1
1,3,95,2025-10-20 14:00:00,2025-10-20 15:11:15,2025-10-20 16:57:15,26121,106,51-100,177,Monday,False,14,15,0,71,106,1,0,0,1
3,1,95,2025-07-13 15:00:00,2025-07-13 16:11:15,2025-07-13 17:03:15,21262,52,51-100,123,Sunday,False,15,16,0,71,52,1,0,0,1
3,1,95,2025-04-17 09:00:00,2025-04-17 10:11:15,2025-04-17 11:11:15,9312,60,51-100,131,Thursday,False,9,10,0,71,60,1,0,1,1
0,2,235,2025-08-26 17:00:00,2025-08-26 19:56:15,2025-08-26 21:49:15,36521,113,101-300,289,Tuesday,False,17,19,0,176,113,1,2,1,1
0,1,470,2025-12-20 07:00:00,2025-12-20 12:52:30,2025-12-20 14:27:30,22520,95,401-500,447,Saturday,False,7,12,0,352,95,1,1,1,1
2,4,555,2025-10-28 19:00:00,2025-10-29 01:56:15,2025-10-29 03:01:15,29063,65,500+,481,Tuesday,False,19,1,0,416,65,1,1,1,1
2,4,555,2025-03-03 11:00:00,2025-03-03 17:56:15,2025-03-03 19:39:15,21934,103,500+,519,Monday,False,11,17,0,416,103,1,1,0,1
3,1,95,2025-10-29 11:00:00,2025-10-29 12:11:15,2025-10-29 12:20:15,28314,9,51-100,80,Wednesday,False,11,12,0,71,9,1,0,0,1
1,4,340,2025-06-24 20:00:00,2025-06-25 00:15:00,2025-06-25 01:21:00,5425,66,301-400,321,Tuesday,False,20,0,0,255,66,1,1,0,1
2,0,235,2025-12-10 08:00:00,2025-12-10 10:56:15,2025-12-10 12:22:15,32351,86,101-300,262,Wednesday,False,8,10,0,176,86,1,2,1,1
1,3,95,2025-06-26 18:00:00,2025-06-26 19:11:15,2025-06-26 20:37:15,2586,86,51-100,157,Thursday,False,18,19,0,71,86,1,0,1,1
3,2,320,2025-01-21 11:00:00,2025-01-21 15:00:00,2025-01-21 16:29:00,32557,89,301-400,329,Tuesday,False,11,15,0,240,89,1,1,0,1
0,2,235,2025-03-01 15:00:00,2025-03-01 17:56:15,2025-03-01 19:03:15,16369,67,101-300,243,Saturday,False,15,17,0,176,67,1,2,0,1
3,0,570,2025-11-16 06:00:00,2025-11-16 13:07:30,2025-11-16 14:38:30,33828,91,500+,518,Sunday,False,6,13,0,427,91,1,1,0,1
1,0,470,2025-12-29 08:00:00,2025-12-29 13:52:30,2025-12-29 15:31:30,34866,99,401-500,451,Monday,False,8,13,0,352,99,1,1,1,1
1,0,470,2025-12-31 20:00:00,2026-01-01 01:52:30,2026-01-01 03:38:30,13103,106,401-500,458,Wednesday,True,20,1,0,352,106,1,1,0,1
0,4,320,2025-07-17 12:00:00,2025-07-17 22:48:45,2025-07-17 23:45:45,29696,57,301-400,705,Thursday,False,12,22,0,648,57,1,1,0,1
3,2,320,2025-06-10 14:00:00,2025-06-10 18:00:00,2025-06-10 19:42:00,17310,102,301-400,342,Tuesday,False,14,18,0,240,102,1,1,0,1
0,2,235,2025-07-02 06:00:00,2025-07-02 08:56:15,2025-07-02 09:47:15,34052,51,101-300,227,Wednesday,False,6,8,0,176,51,1,2,0,1
2,1,240,2025-09-16 20:00:00,2025-09-16 23:00:00,2025-09-16 23:09:00,4318,9,101-300,189,Tuesday,False,20,23,0,180,9,1,2,0,1
4,1,340,2025-12-02 10:00:00,2025-12-02 14:15:00,2025-12-02 14:43:00,21365,28,301-400,283,Tuesday,False,10,14,0,255,28,1,1,0,1
3,0,570,2025-07-29 09:00:00,2025-07-29 16:07:30,2025-07-29 17:52:30,31719,105,500+,532,Tuesday,False,9,16,0,427,105,1,1,1,1
3,4,250,2025-08-30 07:00:00,2025-08-30 10:07:30,2025-08-30 10:18:30,38093,11,101-300,198,Saturday,False,7,10,0,187,11,1,2,1,1
0,1,470,2025-09-21 19:00:00,2025-09-22 00:52:30,2025-09-22 02:11:30,18050,79,401-500,431,Sunday,False,19,0,0,352,79,1,1,1,1
0,3,570,2025-07-30 07:00:00,2025-07-30 14:07:30,2025-07-30 14:26:30,8048,19,500+,446,Wednesday,True,7,14,0,427,19,1,1,1,1
0,3,570,2025-10-11 20:00:00,2025-10-12 03:07:30,2025-10-12 03:16:30,16471,9,500+,436,Saturday,False,20,3,0,427,9,1,1,0,1
1,4,340,2025-06-03 09:00:00,2025-06-03 13:15:00,2025-06-03 14:22:00,22881,67,301-400,322,Tuesday,False,9,13,0,255,67,1,1,1,1
1,2,240,2025-01-08 20:00:00,2025-01-08 23:00:00,2025-01-08 23:58:00,37941,58,101-300,238,Wednesday,False,20,23,0,180,58,1,2,0,1
2,3,320,2025-08-18 20:00:00,2025-08-19 00:00:00,2025-08-19 01:41:00,16411,101,301-400,341,Monday,False,20,0,0,240,101,1,1,0,1
4,1,340,2025-04-05 17:00:00,2025-04-05 21:15:00,2025-04-05 22:49:00,5434,94,301-400,349,Saturday,False,17,21,0,255,94,1,1,1,1
3,4,250,2025-04-09 09:00:00,2025-04-09 12:07:30,2025-04-09 12:26:30,26893,19,101-300,206,Wednesday,False,9,12,0,187,19,1,2,1,1
3,1,95,2025-06-20 11:00:00,2025-06-20 12:11:15,2025-06-20 12:41:15,11600,30,51-100,101,Friday,False,11,12,0,71,30,1,0,0,1
0,3,570,2025-08-03 22:00:00,2025-08-04 05:07:30,2025-08-04 05:20:30,7397,13,500+,440,Sunday,False,22,5,0,427,13,1,1,0,1
4,3,250,2025-12-12 16:00:00,2025-12-12 19:07:30,2025-12-12 20:34:30,25226,87,101-300,274,Friday,False,16,19,0,187,87,1,2,0,1
4,3,250,2025-10-04 17:00:00,2025-10-04 20:07:30,2025-10-04 21:52:30,6818,105,101-300,292,Saturday,False,17,20,0,187,105,1,2,1,1
3,1,95,2025-05-21 14:00:00,2025-05-21 15:11:15,2025-05-21 17:03:15,3978,112,51-100,183,Wednesday,False,14,15,0,71,112,1,0,0,1
3,4,250,2025-12-19 10:00:00,2025-12-19 13:07:30,2025-12-19 14:29:30,3707,82,101-300,269,Friday,False,10,13,0,187,82,1,2,0,1
1,3,95,2025-03-22 17:00:00,2025-03-22 18:11:15,2025-03-22 19:54:15,29289,103,51-100,174,Saturday,False,17,18,0,71,103,1,0,1,1
4,2,555,2025-07-11 22:00:00,2025-07-12 04:56:15,2025-07-12 06:27:15,12519,91,500+,507,Friday,False,22,4,0,416,91,1,1,0,1
2,1,240,2025-05-13 09:00:00,2025-05-13 12:00:00,2025-05-13 12:30:00,7164,30,101-300,210,Tuesday,False,9,12,0,180,30,1,2,1,1
1,4,340,2025-07-17 10:00:00,2025-07-17 14:15:00,2025-07-17 15:15:00,12504,60,301-400,315,Thursday,False,10,14,0,255,60,1,1,0,1
4,0,320,2025-01-27 18:00:00,2025-01-28 04:48:45,2025-01-28 06:36:45,2457,108,301-400,756,Monday,False,18,4,0,648,108,1,1,1,1
0,2,235,2025-10-30 20:00:00,2025-10-30 22:56:15,2025-10-31 00:52:15,30741,116,101-300,292,Thursday,False,20,22,0,176,116,1,2,0,1
1,3,95,2025-01-13 06:00:00,2025-01-13 07:11:15,2025-01-13 07:12:15,10279,1,51-100,72,Monday,False,6,7,0,71,1,1,0,0,1
4,3,250,2025-08-05 16:00:00,2025-08-05 19:07:30,2025-08-05 20:57:30,35045,110,101-300,297,Tuesday,False,16,19,0,187,110,1,2,0,1
4,3,250,2025-04-23 13:00:00,2025-04-23 16:07:30,2025-04-23 18:07:30,21984,120,101-300,307,Wednesday,False,13,16,0,187,120,1,2,0,1
3,1,95,2025-03-12 14:00:00,2025-03-12 15:11:15,2025-03-12 16:45:15,19772,94,51-100,165,Wednesday,False,14,15,0,71,94,1,0,0,1
2,0,235,2025-08-04 21:00:00,2025-08-04 23:56:15,2025-08-05 00:40:15,14620,44,101-300,220,Monday,False,21,23,0,176,44,1,2,0,1
1,2,240,2025-07-21 17:00:00,2025-07-21 20:00:00,2025-07-21 21:48:00,31743,108,101-300,288,Monday,False,17,20,0,180,108,1,2,1,1
1,4,340,2025-11-12 14:00:00,2025-11-12 18:15:00,2025-11-12 19:29:00,33290,74,301-400,329,Wednesday,False,14,18,0,255,74,1,1,0,1
2,4,555,2025-09-29 08:00:00,2025-09-29 14:56:15,2025-09-29 16:09:15,36632,73,500+,489,Monday,False,8,14,0,416,73,1,1,1,1
4,0,320,2025-05-21 16:00:00,2025-05-22 02:48:45,2025-05-22 03:15:45,38285,27,301-400,675,Wednesday,False,16,2,0,648,27,1,1,0,1
1,0,470,2025-10-12 10:00:00,2025-10-12 15:52:30,2025-10-12 16:47:30,11507,55,401-500,407,Sunday,False,10,15,0,352,55,1,1,0,1
3,4,250,2025-09-05 16:00:00,2025-09-05 19:07:30,2025-09-05 21:00:30,29640,113,101-300,300,Friday,False,16,19,0,187,113,1,2,0,1
0,2,235,2025-01-27 14:00:00,2025-01-27 16:56:15,2025-01-27 17:11:15,23623,15,101-300,191,Monday,False,14,16,0,176,15,1,2,0,1
3,1,95,2025-05-27 20:00:00,2025-05-27 21:11:15,2025-05-27 22:57:15,27006,106,51-100,177,Tuesday,False,20,21,0,71,106,1,0,0,1
2,0,235,2025-12-13 15:00:00,2025-12-13 17:56:15,2025-12-13 18:25:15,2232,29,101-300,205,Saturday,False,15,17,0,176,29,1,2,0,1
2,1,240,2025-05-03 15:00:00,2025-05-03 18:00:00,2025-05-03 18:22:00,9717,22,101-300,202,Saturday,False,15,18,0,180,22,1,2,0,1
0,3,570,2025-11-04 15:00:00,2025-11-04 22:07:30,2025-11-04 22:54:30,37351,47,500+,474,Tuesday,False,15,22,0,427,47,1,1,0,1
3,0,570,2025-06-21 17:00:00,2025-06-22 00:07:30,2025-06-22 00:41:30,31166,34,500+,461,Saturday,False,17,0,0,427,34,1,1,1,1
3,1,95,2025-05-02 19:00:00,2025-05-02 20:11:15,2025-05-02 21:28:15,39601,77,51-100,148,Friday,False,19,20,0,71,77,1,0,1,1
2,0,235,2025-11-15 17:00:00,2025-11-15 19:56:15,2025-11-15 21:02:15,38360,66,101-300,242,Saturday,False,17,19,0,176,66,1,2,1,1
3,2,320,2025-08-18 20:00:00,2025-08-19 00:00:00,2025-08-19 00:46:00,32408,46,301-400,286,Monday,False,20,0,0,240,46,1,1,0,1
2,4,555,2025-02-12 07:00:00,2025-02-12 13:56:15,2025-02-12 14:18:15,30501,22,500+,438,Wednesday,False,7,13,0,416,22,1,1,1,1
1,0,470,2025-09-27 20:00:00,2025-09-28 01:52:30,2025-09-28 03:41:30,17709,109,401-500,461,Saturday,False,20,1,0,352,109,1,1,0,1
4,0,320,2025-05-03 16:00:00,2025-05-04 02:48:45,2025-05-04 04:39:45,38217,111,301-400,759,Saturday,False,16,2,0,648,111,1,1,0,1
2,3,320,2025-07-02 17:00:00,2025-07-02 21:00:00,2025-07-02 22:03:00,38242,63,301-400,303,Wednesday,False,17,21,0,240,63,1,1,1,1
1,2,240,2025-08-13 18:00:00,2025-08-13 21:00:00,2025-08-13 21:57:00,25212,57,101-300,237,Wednesday,False,18,21,0,180,57,1,2,1,1
4,1,340,2025-02-10 11:00:00,2025-02-10 15:15:00,2025-02-10 15:59:00,33814,44,301-400,299,Monday,False,11,15,0,255,44,1,1,0,1
3,2,320,2025-12-23 13:00:00,2025-12-23 17:00:00,2025-12-23 18:24:00,18760,84,301-400,324,Tuesday,False,13,17,0,240,84,1,1,0,1
3,1,95,2025-06-01 06:00:00,2025-06-01 07:11:15,2025-06-01 07:59:15,30400,48,51-100,119,Sunday,False,6,7,0,71,48,1,0,0,1
2,3,320,2025-11-06 14:00:00,2025-11-06 18:00:00,2025-11-06 18:13:00,22400,13,301-400,253,Thursday,True,14,18,0,240,13,1,1,0,1
1,4,340,2025-08-02 14:00:00,2025-08-02 18:15:00,2025-08-02 19:51:00,26564,96,301-400,351,Saturday,False,14,18,0,255,96,1,1,0,1
3,1,95,2025-07-25 17:00:00,2025-07-25 18:11:15,2025-07-25 18:22:15,32080,11,51-100,82,Friday,False,17,18,0,71,11,1,0,1,1
4,0,320,2025-07-27 15:00:00,2025-07-28 01:48:45,2025-07-28 03:29:45,22893,101,301-400,749,Sunday,False,15,1,0,648,101,1,1,0,1
3,0,570,2025-04-30 14:00:00,2025-04-30 21:07:30,2025-04-30 22:53:30,27181,106,500+,533,Wednesday,False,14,21,0,427,106,1,1,0,1
0,3,570,2025-12-22 20:00:00,2025-12-23 03:07:30,2025-12-23 03:55:30,21046,48,500+,475,Monday,False,20,3,0,427,48,1,1,0,1
3,0,570,2025-01-03 14:00:00,2025-01-03 21:07:30,2025-01-03 22:42:30,15537,95,500+,522,Friday,False,14,21,0,427,95,1,1,0,1
0,2,235,2025-08-31 07:00:00,2025-08-31 09:56:15,2025-08-31 10:11:15,29116,15,101-300,191,Sunday,False,7,9,0,176,15,1,2,1,1
2,0,235,2025-05-28 15:00:00,2025-05-28 17:56:15,2025-05-28 19:05:15,20353,69,101-300,245,Wednesday,False,15,17,0,176,69,1,2,0,1
0,4,320,2025-11-08 22:00:00,2025-11-09 08:48:45,2025-11-09 10:45:45,38211,117,301-400,765,Saturday,False,22,8,0,648,117,1,1,0,1
1,4,340,2025-06-12 06:00:00,2025-06-12 10:15:00,2025-06-12 10:20:00,12512,5,301-400,260,Thursday,False,6,10,0,255,5,1,1,0,1
1,3,95,2025-04-07 10:00:00,2025-04-07 11:11:15,2025-04-07 12:44:15,34598,93,51-100,164,Monday,False,10,11,0,71,93,1,0,0,1
1,3,95,2025-09-30 21:00:00,2025-09-30 22:11:15,2025-09-30 22:13:15,32784,2,51-100,73,Tuesday,False,21,22,0,71,2,1,0,0,1
0,4,320,2025-08-15 20:00:00,2025-08-16 06:48:45,2025-08-16 07:32:45,28016,44,301-400,692,Friday,False,20,6,0,648,44,1,1,0,1
0,1,470,2025-12-01 12:00:00,2025-12-01 17:52:30,2025-12-01 18:51:30,33019,59,401-500,411,Monday,False,12,17,0,352,59,1,1,0,1
0,3,570,2025-02-15 12:00:00,2025-02-15 19:07:30,2025-02-15 19:36:30,28812,29,500+,456,Saturday,False,12,19,0,427,29,1,1,0,1
4,3,250,2025-01-23 17:00:00,2025-01-23 20:07:30,2025-01-23 20:09:30,25488,2,101-300,189,Thursday,False,17,20,0,187,2,1,2,1,1
4,2,555,2025-04-28 22:00:00,2025-04-29 04:56:15,2025-04-29 05:45:15,13455,49,500+,465,Monday,False,22,4,0,416,49,1,1,0,1
1,3,95,2025-04-04 21:00:00,2025-04-04 22:11:15,2025-04-04 23:19:15,7492,68,51-100,139,Friday,False,21,22,0,71,68,1,0,0,1
2,3,320,2025-02-17 08:00:00,2025-02-17 12:00:00,2025-02-17 13:02:00,39884,62,301-400,302,Monday,False,8,12,0,240,62,1,1,1,1
1,0,470,2025-11-17 18:00:00,2025-11-17 23:52:30,2025-11-18 00:05:30,4698,13,401-500,365,Monday,False,18,23,0,352,13,1,1,1,1
4,1,340,2025-07-31 15:00:00,2025-07-31 19:15:00,2025-07-31 19:47:00,28854,32,301-400,287,Thursday,False,15,19,0,255,32,1,1,0,1
0,1,470,2025-05-16 16:00:00,2025-05-16 21:52:30,2025-05-16 22:59:30,4576,67,401-500,419,Friday,False,16,21,0,352,67,1,1,0,1
4,2,555,2025-12-29 19:00:00,2025-12-30 01:56:15,2025-12-30 03:23:15,30663,87,500+,503,Monday,False,19,1,0,416,87,1,1,1,1
0,4,320,2025-11-18 19:00:00,2025-11-19 05:48:45,2025-11-19 07:24:45,15411,96,301-400,744,Tuesday,True,19,5,0,648,96,1,1,1,1
0,1,470,2025-06-30 21:00:00,2025-07-01 02:52:30,2025-07-01 03:30:30,5020,38,401-500,390,Monday,False,21,2,0,352,38,1,1,0,1
1,0,470,2025-12-30 10:00:00,2025-12-30 15:52:30,2025-12-30 16:32:30,33484,40,401-500,392,Tuesday,False,10,15,0,352,40,1,1,0,1
3,4,250,2025-12-26 15:00:00,2025-12-26 18:07:30,2025-12-26 18:28:30,27146,21,101-300,208,Friday,False,15,18,0,187,21,1,2,0,1
4,1,340,2025-08-16 12:00:00,2025-08-16 16:15:00,2025-08-16 17:43:00,31226,88,301-400,343,Saturday,False,12,16,0,255,88,1,1,0,1
4,1,340,2025-12-27 10:00:00,2025-12-27 14:15:00,2025-12-27 15:46:00,5820,91,301-400,346,Saturday,False,10,14,0,255,91,1,1,0,1
3,4,250,2025-04-22 11:00:00,2025-04-22 14:07:30,2025-04-22 15:41:30,33279,94,101-300,281,Tuesday,False,11,14,0,187,94,1,2,0,1
3,2,320,2025-01-11 16:00:00,2025-01-11 20:00:00,2025-01-11 20:42:00,29343,42,301-400,282,Saturday,False,16,20,0,240,42,1,1,0,1
4,0,320,2025-07-17 07:00:00,2025-07-17 17:48:45,2025-07-17 19:06:45,16664,78,301-400,726,Thursday,False,7,17,0,648,78,1,1,1,1
1,3,95,2025-01-14 16:00:00,2025-01-14 17:11:15,2025-01-14 17:14:15,7941,3,51-100,74,Tuesday,False,16,17,0,71,3,1,0,0,1
1,4,340,2025-08-23 22:00:00,2025-08-24 02:15:00,2025-08-24 02:58:00,38130,43,301-400,298,Saturday,False,22,2,0,255,43,1,1,0,1
1,3,95,2025-03-20 09:00:00,2025-03-20 10:11:15,2025-03-20 10:29:15,24076,18,51-100,89,Thursday,False,9,10,0,71,18,1,0,1,1
1,4,340,2025-04-24 10:00:00,2025-04-24 14:15:00,2025-04-24 15:18:00,9850,63,301-400,318,Thursday,False,10,14,0,255,63,1,1,0,1
1,4,340,2025-06-30 12:00:00,2025-06-30 16:15:00,2025-06-30 16:17:00,36625,2,301-400,257,Monday,False,12,16,0,255,2,1,1,0,1
2,4,555,2025-10-11 18:00:00,2025-10-12 00:56:15,2025-10-12 02:28:15,25189,92,500+,508,Saturday,False,18,0,0,416,92,1,1,1,1
4,1,340,2025-10-07 06:00:00,2025-10-07 10:15:00,2025-10-07 10:29:00,19709,14,301-400,269,Tuesday,False,6,10,0,255,14,1,1,0,1
2,4,555,2025-12-25 06:00:00,2025-12-25 12:56:15,2025-12-25 13:22:15,29860,26,500+,442,Thursday,False,6,12,0,416,26,1,1,0,1
1,0,470,2025-07-29 22:00:00,2025-07-30 03:52:30,2025-07-30 04:50:30,33123,58,401-500,410,Tuesday,False,22,3,0,352,58,1,1,0,1
4,1,340,2025-02-24 20:00:00,2025-02-25 00:15:00,2025-02-25 01:09:00,17298,54,301-400,309,Monday,False,20,0,0,255,54,1,1,0,1
1,0,470,2025-01-10 16:00:00,2025-01-10 21:52:30,2025-01-10 23:13:30,19626,81,401-500,433,Friday,False,16,21,0,352,81,1,1,0,1
0,4,320,2025-02-04 09:00:00,2025-02-04 19:48:45,2025-02-04 21:33:45,8959,105,301-400,753,Tuesday,False,9,19,0,648,105,1,1,1,1
1,4,340,2025-12-16 21:00:00,2025-12-17 01:15:00,2025-12-17 01:48:00,28758,33,301-400,288,Tuesday,False,21,1,0,255,33,1,1,0,1
3,0,570,2025-09-27 13:00:00,2025-09-27 20:07:30,2025-09-27 21:42:30,9821,95,500+,522,Saturday,False,13,20,0,427,95,1,1,0,1
1,4,340,2025-08-09 15:00:00,2025-08-09 19:15:00,2025-08-09 20:58:00,10802,103,301-400,358,Saturday,False,15,19,0,255,103,1,1,0,1
3,2,320,2025-03-05 13:00:00,2025-03-05 17:00:00,2025-03-05 18:23:00,32086,83,301-400,323,Wednesday,False,13,17,0,240,83,1,1,0,1
0,3,570,2025-05-16 17:00:00,2025-05-17 00:07:30,2025-05-17 02:07:30,9406,120,500+,547,Friday,False,17,0,0,427,120,1,1,1,1
0,2,235,2025-01-15 07:00:00,2025-01-15 09:56:15,2025-01-15 10:05:15,34054,9,101-300,185,Wednesday,False,7,9,0,176,9,1,2,1,1
1,3,95,2025-11-09 11:00:00,2025-11-09 12:11:15,2025-11-09 13:17:15,6119,66,51-100,137,Sunday,False,11,12,0,71,66,1,0,0,1
0,2,235,2025-11-10 17:00:00,2025-11-10 19:56:15,2025-11-10 20:07:15,38628,11,101-300,187,Monday,False,17,19,0,176,11,1,2,1,1
1,0,470,2025-02-17 06:00:00,2025-02-17 11:52:30,2025-02-17 13:38:30,7119,106,401-500,458,Monday,False,6,11,0,352,106,1,1,0,1
2,3,320,2025-02-28 10:00:00,2025-02-28 14:00:00,2025-02-28 14:16:00,27862,16,301-400,256,Friday,False,10,14,0,240,16,1,1,0,1
1,2,240,2025-07-12 08:00:00,2025-07-12 11:00:00,2025-07-12 12:55:00,35402,115,101-300,295,Saturday,False,8,11,0,180,115,1,2,1,1
0,4,320,2025-09-06 06:00:00,2025-09-06 16:48:45,2025-09-06 17:42:45,37904,54,301-400,702,Saturday,False,6,16,0,648,54,1,1,0,1
0,2,235,2025-03-01 11:00:00,2025-03-01 13:56:15,2025-03-01 14:38:15,13178,42,101-300,218,Saturday,False,11,13,0,176,42,1,2,0,1
1,4,340,2025-06-26 11:00:00,2025-06-26 15:15:00,2025-06-26 16:20:00,22441,65,301-400,320,Thursday,False,11,15,0,255,65,1,1,0,1
3,0,570,2025-09-25 16:00:00,2025-09-25 23:07:30,2025-09-25 23:30:30,23227,23,500+,450,Thursday,False,16,23,0,427,23,1,1,0,1
0,2,235,2025-09-03 15:00:00,2025-09-03 17:56:15,2025-09-03 19:32:15,25643,96,101-300,272,Wednesday,False,15,17,0,176,96,1,2,0,1
1,0,470,2025-07-19 06:00:00,2025-07-19 11:52:30,2025-07-19 13:47:30,21180,115,401-500,467,Saturday,False,6,11,0,352,115,1,1,0,1
2,4,555,2025-07-18 09:00:00,2025-07-18 15:56:15,2025-07-18 16:39:15,26050,43,500+,459,Friday,False,9,15,0,416,43,1,1,1,1
0,4,320,2025-06-10 16:00:00,2025-06-11 02:48:45,2025-06-11 03:42:45,38276,54,301-400,702,Tuesday,False,16,2,0,648,54,1,1,0,1
0,3,570,2025-11-16 07:00:00,2025-11-16 14:07:30,2025-11-16 15:54:30,24834,107,500+,534,Sunday,False,7,14,0,427,107,1,1,1,1
0,3,570,2025-07-15 09:00:00,2025-07-15 16:07:30,2025-07-15 17:37:30,4592,90,500+,517,Tuesday,False,9,16,0,427,90,1,1,1,1
3,0,570,2025-06-17 22:00:00,2025-06-18 05:07:30,2025-06-18 06:47:30,17329,100,500+,527,Tuesday,False,22,5,0,427,100,1,1,0,1
4,3,250,2025-04-04 17:00:00,2025-04-04 20:07:30,2025-04-04 21:40:30,31498,93,101-300,280,Friday,False,17,20,0,187,93,1,2,1,1
0,4,320,2025-08-17 17:00:00,2025-08-18 03:48:45,2025-08-18 05:23:45,34717,95,301-400,743,Sunday,False,17,3,0,648,95,1,1,1,1
2,1,240,2025-11-28 13:00:00,2025-11-28 16:00:00,2025-11-28 17:23:00,15030,83,101-300,263,Friday,False,13,16,0,180,83,1,2,0,1
0,1,470,2025-09-30 19:00:00,2025-10-01 00:52:30,2025-10-01 01:10:30,8068,18,401-500,370,Tuesday,False,19,0,0,352,18,1,1,1,1
2,3,320,2025-04-05 20:00:00,2025-04-06 00:00:00,2025-04-06 00:21:00,26572,21,301-400,261,Saturday,False,20,0,0,240,21,1,1,0,1
4,2,555,2025-06-16 20:00:00,2025-06-17 02:56:15,2025-06-17 03:32:15,25553,36,500+,452,Monday,False,20,2,0,416,36,1,1,0,1
0,2,235,2025-03-22 14:00:00,2025-03-22 16:56:15,2025-03-22 17:08:15,5138,12,101-300,188,Saturday,False,14,16,0,176,12,1,2,0,1
4,2,555,2025-12-28 20:00:00,2025-12-29 02:56:15,2025-12-29 03:10:15,27910,14,500+,430,Sunday,False,20,2,0,416,14,1,1,0,1
4,0,320,2025-05-11 07:00:00,2025-05-11 17:48:45,2025-05-11 19:33:45,24765,105,301-400,753,Sunday,False,7,17,0,648,105,1,1,1,1
1,4,340,2025-03-29 13:00:00,2025-03-29 17:15:00,2025-03-29 19:01:00,29152,106,301-400,361,Saturday,False,13,17,0,255,106,1,1,0,1
1,2,240,2025-05-01 22:00:00,2025-05-02 01:00:00,2025-05-02 02:09:00,39364,69,101-300,249,Thursday,True,22,1,0,180,69,1,2,0,1
4,0,320,2025-03-28 10:00:00,2025-03-28 20:48:45,2025-03-28 21:45:45,28664,57,301-400,705,Friday,False,10,20,0,648,57,1,1,0,1
4,2,555,2025-03-10 16:00:00,2025-03-10 22:56:15,2025-03-11 00:36:15,12186,100,500+,516,Monday,True,16,22,0,416,100,1,1,0,1
4,1,340,2025-01-14 21:00:00,2025-01-15 01:15:00,2025-01-15 01:38:00,18384,23,301-400,278,Tuesday,False,21,1,0,255,23,1,1,0,1
2,1,240,2025-03-08 19:00:00,2025-03-08 22:00:00,2025-03-08 23:47:00,28306,107,101-300,287,Saturday,False,19,22,0,180,107,1,2,1,1
0,1,470,2025-05-09 18:00:00,2025-05-09 23:52:30,2025-05-10 00:50:30,6573,58,401-500,410,Friday,False,18,23,0,352,58,1,1,1,1
0,1,470,2025-11-08 14:00:00,2025-11-08 19:52:30,2025-11-08 19:54:30,8984,2,401-500,354,Saturday,False,14,19,0,352,2,1,1,0,1
2,4,555,2025-01-19 13:00:00,2025-01-19 19:56:15,2025-01-19 21:01:15,21268,65,500+,481,Sunday,False,13,19,0,416,65,1,1,0,1
4,1,340,2025-04-07 22:00:00,2025-04-08 02:15:00,2025-04-08 04:02:00,7895,107,301-400,362,Monday,False,22,2,0,255,107,1,1,0,1
0,3,570,2025-11-11 17:00:00,2025-11-12 00:07:30,2025-11-12 00:35:30,10668,28,500+,455,Tuesday,False,17,0,0,427,28,1,1,1,1
0,3,570,2025-03-28 12:00:00,2025-03-28 19:07:30,2025-03-28 19:14:30,9487,7,500+,434,Friday,False,12,19,0,427,7,1,1,0,1
3,2,320,2025-11-20 16:00:00,2025-11-20 20:00:00,2025-11-20 20:06:00,30602,6,301-400,246,Thursday,False,16,20,0,240,6,1,1,0,1
1,0,470,2025-06-01 11:00:00,2025-06-01 16:52:30,2025-06-01 17:45:30,26815,53,401-500,405,Sunday,False,11,16,0,352,53,1,1,0,1
2,0,235,2025-09-13 19:00:00,2025-09-13 21:56:15,2025-09-13 21:59:15,25489,3,101-300,179,Saturday,False,19,21,0,176,3,1,2,1,1
2,3,320,2025-07-17 11:00:00,2025-07-17 15:00:00,2025-07-17 16:39:00,39944,99,301-400,339,Thursday,False,11,15,0,240,99,1,1,0,1
3,2,320,2025-05-01 15:00:00,2025-05-01 19:00:00,2025-05-01 20:39:00,13376,99,301-400,339,Thursday,True,15,19,0,240,99,1,1,0,1
3,4,250,2025-02-18 14:00:00,2025-02-18 17:07:30,2025-02-18 18:59:30,13628,112,101-300,299,Tuesday,False,14,17,0,187,112,1,2,0,1
0,3,570,2025-09-22 15:00:00,2025-09-22 22:07:30,2025-09-22 22:47:30,24991,40,500+,467,Monday,False,15,22,0,427,40,1,1,0,1
0,1,470,2025-07-10 06:00:00,2025-07-10 11:52:30,2025-07-10 12:35:30,15385,43,401-500,395,Thursday,False,6,11,0,352,43,1,1,0,1
3,4,250,2025-11-04 09:00:00,2025-11-04 12:07:30,2025-11-04 12:24:30,7947,17,101-300,204,Tuesday,False,9,12,0,187,17,1,2,1,1
3,1,95,2025-06-24 20:00:00,2025-06-24 21:11:15,2025-06-24 21:23:15,17987,12,51-100,83,Tuesday,False,20,21,0,71,12,1,0,0,1
2,0,235,2025-05-04 08:00:00,2025-05-04 10:56:15,2025-05-04 11:46:15,21623,50,101-300,226,Sunday,False,8,10,0,176,50,1,2,1,1
1,0,470,2025-07-24 20:00:00,2025-07-25 01:52:30,2025-07-25 02:56:30,32544,64,401-500,416,Thursday,False,20,1,0,352,64,1,1,0,1
3,2,320,2025-08-20 14:00:00,2025-08-20 18:00:00,2025-08-20 18:02:00,7011,2,301-400,242,Wednesday,True,14,18,0,240,2,1,1,0,1
4,3,250,2025-06-16 06:00:00,2025-06-16 09:07:30,2025-06-16 10:04:30,12668,57,101-300,244,Monday,False,6,9,0,187,57,1,2,0,1
0,4,320,2025-03-20 09:00:00,2025-03-20 19:48:45,2025-03-20 21:03:45,17953,75,301-400,723,Thursday,False,9,19,0,648,75,1,1,1,1
3,0,570,2025-06-15 10:00:00,2025-06-15 17:07:30,2025-06-15 17:45:30,18750,38,500+,465,Sunday,False,10,17,0,427,38,1,1,0,1
1,2,240,2025-02-09 20:00:00,2025-02-09 23:00:00,2025-02-10 00:21:00,37356,81,101-300,261,Sunday,False,20,23,0,180,81,1,2,0,1
1,0,470,2025-11-10 09:00:00,2025-11-10 14:52:30,2025-11-10 14:56:30,21195,4,401-500,356,Monday,False,9,14,0,352,4,1,1,1,1
3,2,320,2025-12-01 08:00:00,2025-12-01 12:00:00,2025-12-01 13:06:00,24120,66,301-400,306,Monday,False,8,12,0,240,66,1,1,1,1
4,3,250,2025-07-18 10:00:00,2025-07-18 13:07:30,2025-07-18 14:47:30,29195,100,101-300,287,Friday,False,10,13,0,187,100,1,2,0,1
1,2,240,2025-04-10 18:00:00,2025-04-10 21:00:00,2025-04-10 21:41:00,36820,41,101-300,221,Thursday,False,18,21,0,180,41,1,2,1,1
4,3,250,2025-04-20 21:00:00,2025-04-21 00:07:30,2025-04-21 01:06:30,27518,59,101-300,246,Sunday,False,21,0,0,187,59,1,2,0,1
3,0,570,2025-07-16 14:00:00,2025-07-16 21:07:30,2025-07-16 21:24:30,29746,17,500+,444,Wednesday,False,14,21,0,427,17,1,1,0,1
3,2,320,2025-06-04 19:00:00,2025-06-04 23:00:00,2025-06-04 23:09:00,30097,9,301-400,249,Wednesday,False,19,23,0,240,9,1,1,1,1
2,0,235,2025-08-12 13:00:00,2025-08-12 15:56:15,2025-08-12 16:57:15,10885,61,101-300,237,Tuesday,False,13,15,0,176,61,1,2,0,1
0,1,470,2025-07-04 08:00:00,2025-07-04 13:52:30,2025-07-04 14:58:30,24105,66,401-500,418,Friday,False,8,13,0,352,66,1,1,1,1
3,4,250,2025-04-04 16:00:00,2025-04-04 19:07:30,2025-04-04 20:47:30,12767,100,101-300,287,Friday,False,16,19,0,187,100,1,2,0,1
3,0,570,2025-12-15 22:00:00,2025-12-16 05:07:30,2025-12-16 05:46:30,11603,39,500+,466,Monday,False,22,5,0,427,39,1,1,0,1
2,1,240,2025-08-01 13:00:00,2025-08-01 16:00:00,2025-08-01 17:00:00,39893,60,101-300,240,Friday,False,13,16,0,180,60,1,2,0,1
2,0,235,2025-05-15 22:00:00,2025-05-16 00:56:15,2025-05-16 02:20:15,9453,84,101-300,260,Thursday,False,22,0,0,176,84,1,2,0,1
2,1,240,2025-05-17 14:00:00,2025-05-17 17:00:00,2025-05-17 17:42:00,24409,42,101-300,222,Saturday,False,14,17,0,180,42,1,2,0,1
1,2,240,2025-10-11 11:00:00,2025-10-11 14:00:00,2025-10-11 15:11:00,21370,71,101-300,251,Saturday,False,11,14,0,180,71,1,2,0,1
0,2,235,2025-08-17 14:00:00,2025-08-17 16:56:15,2025-08-17 17:28:15,6031,32,101-300,208,Sunday,False,14,16,0,176,32,1,2,0,1
3,1,95,2025-01-10 16:00:00,2025-01-10 17:11:15,2025-01-10 18:39:15,34080,88,51-100,159,Friday,False,16,17,0,71,88,1,0,0,1
1,0,470,2025-01-08 22:00:00,2025-01-09 03:52:30,2025-01-09 04:18:30,36408,26,401-500,378,Wednesday,False,22,3,0,352,26,1,1,0,1
3,1,95,2025-12-01 21:00:00,2025-12-01 22:11:15,2025-12-01 22:50:15,5105,39,51-100,110,Monday,False,21,22,0,71,39,1,0,0,1
1,3,95,2025-02-20 17:00:00,2025-02-20 18:11:15,2025-02-20 18:12:15,9801,1,51-100,72,Thursday,False,17,18,0,71,1,1,0,1,1
0,3,570,2025-12-04 15:00:00,2025-12-04 22:07:30,2025-12-04 23:02:30,14356,55,500+,482,Thursday,False,15,22,0,427,55,1,1,0,1
3,2,320,2025-07-11 07:00:00,2025-07-11 11:00:00,2025-07-11 11:20:00,21162,20,301-400,260,Friday,False,7,11,0,240,20,1,1,1,1
1,3,95,2025-09-05 22:00:00,2025-09-05 23:11:15,2025-09-06 01:00:15,10819,109,51-100,180,Friday,False,22,23,0,71,109,1,0,0,1
2,4,555,2025-11-13 14:00:00,2025-11-13 20:56:15,2025-11-13 22:40:15,29167,104,500+,520,Thursday,False,14,20,0,416,104,1,1,0,1
2,3,320,2025-12-29 12:00:00,2025-12-29 16:00:00,2025-12-29 16:00:00,11724,0,301-400,240,Monday,False,12,16,0,240,0,0,1,0,0
1,2,240,2025-05-29 18:00:00,2025-05-29 21:00:00,2025-05-29 21:48:00,2067,48,101-300,228,Thursday,False,18,21,0,180,48,1,2,1,1
0,1,470,2025-08-26 18:00:00,2025-08-26 23:52:30,2025-08-27 00:47:30,24758,55,401-500,407,Tuesday,False,18,23,0,352,55,1,1,1,1
4,2,555,2025-01-11 08:00:00,2025-01-11 14:56:15,2025-01-11 16:54:15,17208,118,500+,534,Saturday,False,8,14,0,416,118,1,1,1,1
0,4,320,2025-09-16 06:00:00,2025-09-16 16:48:45,2025-09-16 17:03:45,3642,15,301-400,663,Tuesday,False,6,16,0,648,15,1,1,0,1
1,2,240,2025-03-26 08:00:00,2025-03-26 11:00:00,2025-03-26 12:18:00,31786,78,101-300,258,Wednesday,False,8,11,0,180,78,1,2,1,1
0,2,235,2025-06-24 09:00:00,2025-06-24 11:56:15,2025-06-24 12:09:15,28433,13,101-300,189,Tuesday,False,9,11,0,176,13,1,2,1,1
4,0,320,2025-03-22 12:00:00,2025-03-22 22:48:45,2025-03-23 00:01:45,23715,73,301-400,721,Saturday,False,12,22,0,648,73,1,1,0,1
4,3,250,2025-12-11 16:00:00,2025-12-11 19:07:30,2025-12-11 21:00:30,18792,113,101-300,300,Thursday,False,16,19,0,187,113,1,2,0,1
0,3,570,2025-09-18 22:00:00,2025-09-19 05:07:30,2025-09-19 06:55:30,27322,108,500+,535,Thursday,False,22,5,0,427,108,1,1,0,1
2,4,555,2025-04-16 20:00:00,2025-04-17 02:56:15,2025-04-17 03:58:15,12491,62,500+,478,Wednesday,False,20,2,0,416,62,1,1,0,1
2,4,555,2025-03-19 06:00:00,2025-03-19 12:56:15,2025-03-19 13:47:15,24118,51,500+,467,Wednesday,False,6,12,0,416,51,1,1,0,1
2,0,235,2025-08-11 11:00:00,2025-08-11 13:56:15,2025-08-11 13:56:15,13478,0,101-300,176,Monday,False,11,13,0,176,0,0,2,0,0
2,3,320,2025-08-11 06:00:00,2025-08-11 10:00:00,2025-08-11 10:24:00,15324,24,301-400,264,Monday,False,6,10,0,240,24,1,1,0,1
3,2,320,2025-02-24 15:00:00,2025-02-24 19:00:00,2025-02-24 20:44:00,20397,104,301-400,344,Monday,False,15,19,0,240,104,1,1,0,1
3,2,320,2025-01-17 15:00:00,2025-01-17 19:00:00,2025-01-17 20:31:00,14321,91,301-400,331,Friday,False,15,19,0,240,91,1,1,0,1
2,1,240,2025-09-06 06:00:00,2025-09-06 09:00:00,2025-09-06 10:54:00,18195,114,101-300,294,Saturday,False,6,9,0,180,114,1,2,0,1
3,2,320,2025-02-20 17:00:00,2025-02-20 21:00:00,2025-02-20 22:35:00,32945,95,301-400,335,Thursday,False,17,21,0,240,95,1,1,1,1
0,1,470,2025-11-24 06:00:00,2025-11-24 11:52:30,2025-11-24 13:40:30,5246,108,401-500,460,Monday,False,6,11,0,352,108,1,1,0,1
2,1,240,2025-11-22 08:00:00,2025-11-22 11:00:00,2025-11-22 11:33:00,12108,33,101-300,213,Saturday,False,8,11,0,180,33,1,2,1,1
2,1,240,2025-08-28 10:00:00,2025-08-28 13:00:00,2025-08-28 14:29:00,3312,89,101-300,269,Thursday,False,10,13,0,180,89,1,2,0,1
4,2,555,2025-04-25 10:00:00,2025-04-25 16:56:15,2025-04-25 18:52:15,29129,116,500+,532,Friday,False,10,16,0,416,116,1,1,0,1
1,3,95,2025-10-30 09:00:00,2025-10-30 10:11:15,2025-10-30 10:27:15,33863,16,51-100,87,Thursday,False,9,10,0,71,16,1,0,1,1
4,1,340,2025-07-21 19:00:00,2025-07-21 23:15:00,2025-07-21 23:59:00,25452,44,301-400,299,Monday,False,19,23,0,255,44,1,1,1,1
0,1,470,2025-10-11 10:00:00,2025-10-11 15:52:30,2025-10-11 16:37:30,8512,45,401-500,397,Saturday,False,10,15,0,352,45,1,1,0,1
4,1,340,2025-01-06 07:00:00,2025-01-06 11:15:00,2025-01-06 11:47:00,7197,32,301-400,287,Monday,False,7,11,0,255,32,1,1,1,1
4,3,250,2025-08-13 08:00:00,2025-08-13 11:07:30,2025-08-13 12:26:30,16693,79,101-300,266,Wednesday,False,8,11,0,187,79,1,2,1,1
0,3,570,2025-03-10 18:00:00,2025-03-11 01:07:30,2025-03-11 02:16:30,15908,69,500+,496,Monday,True,18,1,0,427,69,1,1,1,1
4,3,250,2025-09-19 11:00:00,2025-09-19 14:07:30,2025-09-19 14:20:30,39404,13,101-300,200,Friday,False,11,14,0,187,13,1,2,0,1
1,3,95,2025-02-19 18:00:00,2025-02-19 19:11:15,2025-02-19 20:58:15,35663,107,51-100,178,Wednesday,False,18,19,0,71,107,1,0,1,1
4,1,340,2025-05-03 18:00:00,2025-05-03 22:15:00,2025-05-03 22:27:00,32871,12,301-400,267,Saturday,False,18,22,0,255,12,1,1,1,1
3,4,250,2025-04-07 17:00:00,2025-04-07 20:07:30,2025-04-07 21:03:30,21389,56,101-300,243,Monday,False,17,20,0,187,56,1,2,1,1
3,4,250,2025-07-14 21:00:00,2025-07-15 00:07:30,2025-07-15 01:24:30,3881,77,101-300,264,Monday,False,21,0,0,187,77,1,2,0,1
2,4,555,2025-02-05 12:00:00,2025-02-05 18:56:15,2025-02-05 19:24:15,28265,28,500+,444,Wednesday,False,12,18,0,416,28,1,1,0,1
1,4,340,2025-09-06 09:00:00,2025-09-06 13:15:00,2025-09-06 15:11:00,32085,116,301-400,371,Saturday,False,9,13,0,255,116,1,1,1,1
2,3,320,2025-09-16 19:00:00,2025-09-16 23:00:00,2025-09-16 23:01:00,7740,1,301-400,241,Tuesday,False,19,23,0,240,1,1,1,1,1
3,1,95,2025-10-29 07:00:00,2025-10-29 08:11:15,2025-10-29 09:08:15,38384,57,51-100,128,Wednesday,False,7,8,0,71,57,1,0,1,1
2,0,235,2025-12-25 16:00:00,2025-12-25 18:56:15,2025-12-25 19:56:15,20750,60,101-300,236,Thursday,False,16,18,0,176,60,1,2,0,1
3,0,570,2025-08-13 15:00:00,2025-08-13 22:07:30,2025-08-13 22:49:30,24561,42,500+,469,Wednesday,False,15,22,0,427,42,1,1,0,1
3,2,320,2025-01-05 07:00:00,2025-01-05 11:00:00,2025-01-05 12:39:00,14666,99,301-400,339,Sunday,False,7,11,0,240,99,1,1,1,1
2,1,240,2025-03-07 10:00:00,2025-03-07 13:00:00,2025-03-07 13:13:00,37821,13,101-300,193,Friday,False,10,13,0,180,13,1,2,0,1
0,4,320,2025-12-27 18:00:00,2025-12-28 04:48:45,2025-12-28 04:59:45,34361,11,301-400,659,Saturday,False,18,4,0,648,11,1,1,1,1
0,3,570,2025-01-06 09:00:00,2025-01-06 16:07:30,2025-01-06 17:54:30,15217,107,500+,534,Monday,False,9,16,0,427,107,1,1,1,1
0,1,470,2025-07-25 20:00:00,2025-07-26 01:52:30,2025-07-26 02:22:30,21111,30,401-500,382,Friday,False,20,1,0,352,30,1,1,0,1
4,0,320,2025-11-16 09:00:00,2025-11-16 19:48:45,2025-11-16 20:01:45,21873,13,301-400,661,Sunday,False,9,19,0,648,13,1,1,1,1
2,3,320,2025-07-09 12:00:00,2025-07-09 16:00:00,2025-07-09 16:24:00,32882,24,301-400,264,Wednesday,False,12,16,0,240,24,1,1,0,1
2,0,235,2025-05-30 10:00:00,2025-05-30 12:56:15,2025-05-30 14:45:15,5972,109,101-300,285,Friday,False,10,12,0,176,109,1,2,0,1
4,1,340,2025-08-31 17:00:00,2025-08-31 21:15:00,2025-08-31 22:20:00,12888,65,301-400,320,Sunday,False,17,21,0,255,65,1,1,1,1
1,4,340,2025-07-01 18:00:00,2025-07-01 22:15:00,2025-07-01 22:56:00,37497,41,301-400,296,Tuesday,False,18,22,0,255,41,1,1,1,1
2,4,555,2025-08-21 18:00:00,2025-08-22 00:56:15,2025-08-22 01:53:15,23731,57,500+,473,Thursday,False,18,0,0,416,57,1,1,1,1
4,2,555,2025-05-04 09:00:00,2025-05-04 15:56:15,2025-05-04 17:38:15,27030,102,500+,518,Sunday,False,9,15,0,416,102,1,1,1,1
4,1,340,2025-05-06 10:00:00,2025-05-06 14:15:00,2025-05-06 15:35:00,22306,80,301-400,335,Tuesday,False,10,14,0,255,80,1,1,0,1
1,0,470,2025-07-10 21:00:00,2025-07-11 02:52:30,2025-07-11 04:09:30,19727,77,401-500,429,Thursday,False,21,2,0,352,77,1,1,0,1
1,4,340,2025-03-05 15:00:00,2025-03-05 19:15:00,2025-03-05 20:43:00,26669,88,301-400,343,Wednesday,False,15,19,0,255,88,1,1,0,1
4,0,320,2025-11-14 17:00:00,2025-11-15 03:48:45,2025-11-15 05:43:45,2704,115,301-400,763,Friday,False,17,3,0,648,115,1,1,1,1
0,1,470,2025-09-04 17:00:00,2025-09-04 22:52:30,2025-09-05 00:50:30,32879,118,401-500,470,Thursday,False,17,22,0,352,118,1,1,1,1
3,4,250,2025-01-20 08:00:00,2025-01-20 11:07:30,2025-01-20 12:11:30,14957,64,101-300,251,Monday,False,8,11,0,187,64,1,2,1,1
3,0,570,2025-09-19 07:00:00,2025-09-19 14:07:30,2025-09-19 15:07:30,6727,60,500+,487,Friday,False,7,14,0,427,60,1,1,1,1
4,0,320,2025-01-10 11:00:00,2025-01-10 21:48:45,2025-01-10 22:26:45,8904,38,301-400,686,Friday,False,11,21,0,648,38,1,1,0,1
1,4,340,2025-06-25 17:00:00,2025-06-25 21:15:00,2025-06-25 22:56:00,35369,101,301-400,356,Wednesday,False,17,21,0,255,101,1,1,1,1
0,4,320,2025-08-03 07:00:00,2025-08-03 17:48:45,2025-08-03 18:53:45,33955,65,301-400,713,Sunday,False,7,17,0,648,65,1,1,1,1
2,1,240,2025-06-03 07:00:00,2025-06-03 10:00:00,2025-06-03 11:57:00,22339,117,101-300,297,Tuesday,False,7,10,0,180,117,1,2,1,1
0,2,235,2025-09-10 15:00:00,2025-09-10 17:56:15,2025-09-10 18:06:15,39699,10,101-300,186,Wednesday,False,15,17,0,176,10,1,2,0,1
1,3,95,2025-03-17 15:00:00,2025-03-17 16:11:15,2025-03-17 17:48:15,24943,97,51-100,168,Monday,False,15,16,0,71,97,1,0,0,1
3,0,570,2025-08-19 13:00:00,2025-08-19 20:07:30,2025-08-19 21:38:30,15052,91,500+,518,Tuesday,False,13,20,0,427,91,1,1,0,1
0,4,320,2025-02-17 15:00:00,2025-02-18 01:48:45,2025-02-18 02:45:45,13966,57,301-400,705,Monday,False,15,1,0,648,57,1,1,0,1
0,4,320,2025-12-03 19:00:00,2025-12-04 05:48:45,2025-12-04 06:01:45,28672,13,301-400,661,Wednesday,False,19,5,0,648,13,1,1,1,1
3,4,250,2025-04-07 15:00:00,2025-04-07 18:07:30,2025-04-07 18:13:30,5532,6,101-300,193,Monday,False,15,18,0,187,6,1,2,0,1
0,2,235,2025-04-15 22:00:00,2025-04-16 00:56:15,2025-04-16 01:09:15,5381,13,101-300,189,Tuesday,False,22,0,0,176,13,1,2,0,1
2,0,235,2025-12-25 07:00:00,2025-12-25 09:56:15,2025-12-25 10:16:15,14673,20,101-300,196,Thursday,False,7,9,0,176,20,1,2,1,1
0,4,320,2025-06-05 21:00:00,2025-06-06 07:48:45,2025-06-06 08:05:45,13916,17,301-400,665,Thursday,False,21,7,0,648,17,1,1,0,1
4,0,320,2025-05-12 21:00:00,2025-05-13 07:48:45,2025-05-13 09:17:45,8765,89,301-400,737,Monday,False,21,7,0,648,89,1,1,0,1
4,0,320,2025-03-31 12:00:00,2025-03-31 22:48:45,2025-04-01 00:30:45,35663,102,301-400,750,Monday,False,12,22,0,648,102,1,1,0,1
2,3,320,2025-04-20 10:00:00,2025-04-20 14:00:00,2025-04-20 14:00:00,17433,0,301-400,240,Sunday,False,10,14,0,240,0,0,1,0,0
0,2,235,2025-08-01 14:00:00,2025-08-01 16:56:15,2025-08-01 18:04:15,35039,68,101-300,244,Friday,False,14,16,0,176,68,1,2,0,1
4,0,320,2025-12-17 18:00:00,2025-12-18 04:48:45,2025-12-18 06:03:45,17843,75,301-400,723,Wednesday,False,18,4,0,648,75,1,1,1,1
2,4,555,2025-05-11 06:00:00,2025-05-11 12:56:15,2025-05-11 14:11:15,18854,75,500+,491,Sunday,False,6,12,0,416,75,1,1,0,1
4,3,250,2025-07-04 11:00:00,2025-07-04 14:07:30,2025-07-04 14:26:30,10672,19,101-300,206,Friday,False,11,14,0,187,19,1,2,0,1
0,2,235,2025-12-16 06:00:00,2025-12-16 08:56:15,2025-12-16 09:34:15,38466,38,101-300,214,Tuesday,False,6,8,0,176,38,1,2,0,1
3,4,250,2025-07-19 07:00:00,2025-07-19 10:07:30,2025-07-19 10:55:30,15498,48,101-300,235,Saturday,False,7,10,0,187,48,1,2,1,1
2,1,240,2025-07-22 16:00:00,2025-07-22 19:00:00,2025-07-22 20:51:00,19482,111,101-300,291,Tuesday,False,16,19,0,180,111,1,2,0,1
1,4,340,2025-05-08 20:00:00,2025-05-09 00:15:00,2025-05-09 02:10:00,16458,115,301-400,370,Thursday,False,20,0,0,255,115,1,1,0,1
4,0,320,2025-07-28 19:00:00,2025-07-29 05:48:45,2025-07-29 06:30:45,17684,42,301-400,690,Monday,False,19,5,0,648,42,1,1,1,1
4,2,555,2025-02-27 07:00:00,2025-02-27 13:56:15,2025-02-27 15:48:15,34101,112,500+,528,Thursday,False,7,13,0,416,112,1,1,1,1
2,0,235,2025-08-15 08:00:00,2025-08-15 10:56:15,2025-08-15 11:14:15,26173,18,101-300,194,Friday,False,8,10,0,176,18,1,2,1,1
4,3,250,2025-08-16 10:00:00,2025-08-16 13:07:30,2025-08-16 14:16:30,31469,69,101-300,256,Saturday,False,10,13,0,187,69,1,2,0,1
0,4,320,2025-11-05 13:00:00,2025-11-05 23:48:45,2025-11-06 00:00:45,31603,12,301-400,660,Wednesday,False,13,23,0,648,12,1,1,0,1
2,3,320,2025-07-21 21:00:00,2025-07-22 01:00:00,2025-07-22 01:44:00,15527,44,301-400,284,Monday,False,21,1,0,240,44,1,1,0,1
1,3,95,2025-12-12 21:00:00,2025-12-12 22:11:15,2025-12-12 22:25:15,19706,14,51-100,85,Friday,False,21,22,0,71,14,1,0,0,1
2,1,240,2025-03-18 21:00:00,2025-03-19 00:00:00,2025-03-19 00:30:00,32866,30,101-300,210,Tuesday,False,21,0,0,180,30,1,2,0,1
3,2,320,2025-07-12 12:00:00,2025-07-12 16:00:00,2025-07-12 16:59:00,29609,59,301-400,299,Saturday,False,12,16,0,240,59,1,1,0,1
4,1,340,2025-10-12 15:00:00,2025-10-12 19:15:00,2025-10-12 20:33:00,36788,78,301-400,333,Sunday,False,15,19,0,255,78,1,1,0,1
3,0,570,2025-08-30 18:00:00,2025-08-31 01:07:30,2025-08-31 02:31:30,37548,84,500+,511,Saturday,False,18,1,0,427,84,1,1,1,1
3,4,250,2025-07-11 19:00:00,2025-07-11 22:07:30,2025-07-11 23:27:30,32877,80,101-300,267,Friday,False,19,22,0,187,80,1,2,1,1
2,1,240,2025-08-05 14:00:00,2025-08-05 17:00:00,2025-08-05 17:03:00,18804,3,101-300,183,Tuesday,False,14,17,0,180,3,1,2,0,1
3,1,95,2025-01-21 13:00:00,2025-01-21 14:11:15,2025-01-21 14:15:15,23516,4,51-100,75,Tuesday,False,13,14,0,71,4,1,0,0,1
2,3,320,2025-08-09 07:00:00,2025-08-09 11:00:00,2025-08-09 11:19:00,4144,19,301-400,259,Saturday,False,7,11,0,240,19,1,1,1,1
2,0,235,2025-01-21 18:00:00,2025-01-21 20:56:15,2025-01-21 21:34:15,7056,38,101-300,214,Tuesday,False,18,20,0,176,38,1,2,1,1
4,3,250,2025-08-10 20:00:00,2025-08-10 23:07:30,2025-08-11 00:21:30,7405,74,101-300,261,Sunday,False,20,23,0,187,74,1,2,0,1
2,1,240,2025-04-19 19:00:00,2025-04-19 22:00:00,2025-04-19 23:51:00,34585,111,101-300,291,Saturday,False,19,22,0,180,111,1,2,1,1
4,2,555,2025-02-04 10:00:00,2025-02-04 16:56:15,2025-02-04 17:44:15,17474,48,500+,464,Tuesday,False,10,16,0,416,48,1,1,0,1
2,3,320,2025-07-05 10:00:00,2025-07-05 14:00:00,2025-07-05 15:05:00,31988,65,301-400,305,Saturday,False,10,14,0,240,65,1,1,0,1
1,3,95,2025-01-17 19:00:00,2025-01-17 20:11:15,2025-01-17 20:57:15,20811,46,51-100,117,Friday,False,19,20,0,71,46,1,0,1,1
3,1,95,2025-05-27 17:00:00,2025-05-27 18:11:15,2025-05-27 18:48:15,14121,37,51-100,108,Tuesday,False,17,18,0,71,37,1,0,1,1
2,0,235,2025-10-23 19:00:00,2025-10-23 21:56:15,2025-10-23 23:03:15,7605,67,101-300,243,Thursday,False,19,21,0,176,67,1,2,1,1
3,4,250,2025-12-20 17:00:00,2025-12-20 20:07:30,2025-12-20 21:36:30,26211,89,101-300,276,Saturday,False,17,20,0,187,89,1,2,1,1
2,1,240,2025-03-15 18:00:00,2025-03-15 21:00:00,2025-03-15 22:00:00,19635,60,101-300,240,Saturday,False,18,21,0,180,60,1,2,1,1
0,1,470,2025-06-30 12:00:00,2025-06-30 17:52:30,2025-06-30 19:43:30,28550,111,401-500,463,Monday,False,12,17,0,352,111,1,1,0,1
3,4,250,2025-08-24 15:00:00,2025-08-24 18:07:30,2025-08-24 19:20:30,33185,73,101-300,260,Sunday,False,15,18,0,187,73,1,2,0,1
3,1,95,2025-01-06 20:00:00,2025-01-06 21:11:15,2025-01-06 21:26:15,11394,15,51-100,86,Monday,False,20,21,0,71,15,1,0,0,1
0,2,235,2025-06-17 17:00:00,2025-06-17 19:56:15,2025-06-17 21:27:15,36057,91,101-300,267,Tuesday,False,17,19,0,176,91,1,2,1,1
3,2,320,2025-06-15 08:00:00,2025-06-15 12:00:00,2025-06-15 12:58:00,20423,58,301-400,298,Sunday,False,8,12,0,240,58,1,1,1,1
2,1,240,2025-05-06 08:00:00,2025-05-06 11:00:00,2025-05-06 11:59:00,31480,59,101-300,239,Tuesday,False,8,11,0,180,59,1,2,1,1
4,1,340,2025-02-09 21:00:00,2025-02-10 01:15:00,2025-02-10 01:29:00,19813,14,301-400,269,Sunday,False,21,1,0,255,14,1,1,0,1
2,4,555,2025-11-08 06:00:00,2025-11-08 12:56:15,2025-11-08 13:35:15,31703,39,500+,455,Saturday,False,6,12,0,416,39,1,1,0,1
1,2,240,2025-03-11 11:00:00,2025-03-11 14:00:00,2025-03-11 15:59:00,11513,119,101-300,299,Tuesday,False,11,14,0,180,119,1,2,0,1
2,1,240,2025-03-18 11:00:00,2025-03-18 14:00:00,2025-03-18 15:02:00,17506,62,101-300,242,Tuesday,False,11,14,0,180,62,1,2,0,1
2,4,555,2025-04-13 11:00:00,2025-04-13 17:56:15,2025-04-13 19:11:15,7857,75,500+,491,Sunday,False,11,17,0,416,75,1,1,0,1
2,1,240,2025-01-16 19:00:00,2025-01-16 22:00:00,2025-01-16 22:39:00,16142,39,101-300,219,Thursday,False,19,22,0,180,39,1,2,1,1
0,4,320,2025-07-16 20:00:00,2025-07-17 06:48:45,2025-07-17 08:46:45,31409,118,301-400,766,Wednesday,False,20,6,0,648,118,1,1,0,1
2,3,320,2025-02-02 11:00:00,2025-02-02 15:00:00,2025-02-02 16:34:00,35648,94,301-400,334,Sunday,False,11,15,0,240,94,1,1,0,1
4,3,250,2025-12-01 11:00:00,2025-12-01 14:07:30,2025-12-01 14:35:30,22223,28,101-300,215,Monday,False,11,14,0,187,28,1,2,0,1
0,2,235,2025-01-06 06:00:00,2025-01-06 08:56:15,2025-01-06 09:23:15,9881,27,101-300,203,Monday,False,6,8,0,176,27,1,2,0,1
4,1,340,2025-12-09 13:00:00,2025-12-09 17:15:00,2025-12-09 18:12:00,28211,57,301-400,312,Tuesday,False,13,17,0,255,57,1,1,0,1
1,0,470,2025-06-01 15:00:00,2025-06-01 20:52:30,2025-06-01 21:48:30,6434,56,401-500,408,Sunday,False,15,20,0,352,56,1,1,0,1
1,0,470,2025-02-03 22:00:00,2025-02-04 03:52:30,2025-02-04 04:24:30,5471,32,401-500,384,Monday,False,22,3,0,352,32,1,1,0,1
2,3,320,2025-04-03 22:00:00,2025-04-04 02:00:00,2025-04-04 03:46:00,24545,106,301-400,346,Thursday,False,22,2,0,240,106,1,1,0,1
1,4,340,2025-03-11 17:00:00,2025-03-11 21:15:00,2025-03-11 22:09:00,33939,54,301-400,309,Tuesday,False,17,21,0,255,54,1,1,1,1
1,3,95,2025-10-28 17:00:00,2025-10-28 18:11:15,2025-10-28 18:20:15,35742,9,51-100,80,Tuesday,False,17,18,0,71,9,1,0,1,1
2,3,320,2025-04-22 09:00:00,2025-04-22 13:00:00,2025-04-22 14:53:00,2413,113,301-400,353,Tuesday,False,9,13,0,240,113,1,1,1,1
3,0,570,2025-09-29 21:00:00,2025-09-30 04:07:30,2025-09-30 06:00:30,23953,113,500+,540,Monday,False,21,4,0,427,113,1,1,0,1
3,2,320,2025-04-29 22:00:00,2025-04-30 02:00:00,2025-04-30 03:54:00,2212,114,301-400,354,Tuesday,False,22,2,0,240,114,1,1,0,1
0,3,570,2025-12-07 06:00:00,2025-12-07 13:07:30,2025-12-07 13:07:30,33029,0,500+,427,Sunday,False,6,13,0,427,0,0,1,0,0
0,3,570,2025-05-11 12:00:00,2025-05-11 19:07:30,2025-05-11 19:22:30,15415,15,500+,442,Sunday,False,12,19,0,427,15,1,1,0,1
4,0,320,2025-10-05 18:00:00,2025-10-06 04:48:45,2025-10-06 05:54:45,12787,66,301-400,714,Sunday,False,18,4,0,648,66,1,1,1,1
4,0,320,2025-04-10 14:00:00,2025-04-11 00:48:45,2025-04-11 01:20:45,19108,32,301-400,680,Thursday,False,14,0,0,648,32,1,1,0,1
2,4,555,2025-02-22 20:00:00,2025-02-23 02:56:15,2025-02-23 04:17:15,10891,81,500+,497,Saturday,False,20,2,0,416,81,1,1,0,1
3,0,570,2025-11-23 17:00:00,2025-11-24 00:07:30,2025-11-24 00:40:30,32087,33,500+,460,Sunday,False,17,0,0,427,33,1,1,1,1
3,1,95,2025-01-01 20:00:00,2025-01-01 21:11:15,2025-01-01 23:08:15,39645,117,51-100,188,Wednesday,True,20,21,0,71,117,1,0,0,1
2,1,240,2025-02-12 06:00:00,2025-02-12 09:00:00,2025-02-12 09:21:00,6918,21,101-300,201,Wednesday,False,6,9,0,180,21,1,2,0,1
3,4,250,2025-07-24 08:00:00,2025-07-24 11:07:30,2025-07-24 11:29:30,11633,22,101-300,209,Thursday,False,8,11,0,187,22,1,2,1,1
2,0,235,2025-05-01 11:00:00,2025-05-01 13:56:15,2025-05-01 14:01:15,29263,5,101-300,181,Thursday,True,11,13,0,176,5,1,2,0,1
4,3,250,2025-07-24 19:00:00,2025-07-24 22:07:30,2025-07-24 23:20:30,23310,73,101-300,260,Thursday,False,19,22,0,187,73,1,2,1,1
